,v_no,village,t_no,town,d_no,district,c_no,city
0,121,虚拟社区,659006101,双丰镇,659006,铁门关市,6590,自治区直辖县级行政区划
1,111,虚拟社区,659006100,博古其镇,659006,铁门关市,6590,自治区直辖县级行政区划
2,123,团部,659004502,兵团一零三团,659004,五家渠市,6590,自治区直辖县级行政区划
3,220,一连,659004502,兵团一零三团,659004,五家渠市,6590,自治区直辖县级行政区划
4,220,二连,659004502,兵团一零三团,659004,五家渠市,6590,自治区直辖县级行政区划
5,220,三连,659004502,兵团一零三团,659004,五家渠市,6590,自治区直辖县级行政区划
6,220,六连,659004502,兵团一零三团,659004,五家渠市,6590,自治区直辖县级行政区划
7,220,七连,659004502,兵团一零三团,659004,五家渠市,6590,自治区直辖县级行政区划
8,220,八连,659004502,兵团一零三团,659004,五家渠市,6590,自治区直辖县级行政区划
9,220,九连,659004502,兵团一零三团,659004,五家渠市,6590,自治区直辖县级行政区划
10,220,十连,659004502,兵团一零三团,659004,五家渠市,6590,自治区直辖县级行政区划
11,220,十二连,659004502,兵团一零三团,659004,五家渠市,6590,自治区直辖县级行政区划
12,220,十三连,659004502,兵团一零三团,659004,五家渠市,6590,自治区直辖县级行政区划
13,220,十四连,659004502,兵团一零三团,659004,五家渠市,6590,自治区直辖县级行政区划
14,123,团部,659004501,兵团一零二团,659004,五家渠市,6590,自治区直辖县级行政区划
15,220,一连,659004501,兵团一零二团,659004,五家渠市,6590,自治区直辖县级行政区划
16,220,二连,659004501,兵团一零二团,659004,五家渠市,6590,自治区直辖县级行政区划
17,220,三连,659004501,兵团一零二团,659004,五家渠市,6590,自治区直辖县级行政区划
18,220,四连,659004501,兵团一零二团,659004,五家渠市,6590,自治区直辖县级行政区划
19,220,五连,659004501,兵团一零二团,659004,五家渠市,6590,自治区直辖县级行政区划
20,220,六连,659004501,兵团一零二团,659004,五家渠市,6590,自治区直辖县级行政区划
21,220,七连,659004501,兵团一零二团,659004,五家渠市,6590,自治区直辖县级行政区划
22,220,八连,659004501,兵团一零二团,659004,五家渠市,6590,自治区直辖县级行政区划
23,220,九连,659004501,兵团一零二团,659004,五家渠市,6590,自治区直辖县级行政区划
24,111,团部,659004500,兵团一零一团,659004,五家渠市,6590,自治区直辖县级行政区划
25,220,一连,659004500,兵团一零一团,659004,五家渠市,6590,自治区直辖县级行政区划
26,220,三连,659004500,兵团一零一团,659004,五家渠市,6590,自治区直辖县级行政区划
27,220,四连,659004500,兵团一零一团,659004,五家渠市,6590,自治区直辖县级行政区划
28,220,五连,659004500,兵团一零一团,659004,五家渠市,6590,自治区直辖县级行政区划
29,220,二连,659004500,兵团一零一团,659004,五家渠市,6590,自治区直辖县级行政区划
30,220,六连,659004500,兵团一零一团,659004,五家渠市,6590,自治区直辖县级行政区划
31,111,青湖南路社区居民委员会,659004003,人民路街道办事处,659004,五家渠市,6590,自治区直辖县级行政区划
32,111,东城社区居民委员会,659004003,人民路街道办事处,659004,五家渠市,6590,自治区直辖县级行政区划
33,112,龙泉社区居民委员会,659004003,人民路街道办事处,659004,五家渠市,6590,自治区直辖县级行政区划
34,111,北海东街社区居民委员会,659004003,人民路街道办事处,659004,五家渠市,6590,自治区直辖县级行政区划
35,111,天山南路社区居民委员会,659004002,青湖路街道办事处,659004,五家渠市,6590,自治区直辖县级行政区划
36,111,猛进社区居民委员会,659004002,青湖路街道办事处,659004,五家渠市,6590,自治区直辖县级行政区划
37,111,龙河湾社区居民委员会,659004002,青湖路街道办事处,659004,五家渠市,6590,自治区直辖县级行政区划
38,111,友谊路社区居民委员会,659004002,青湖路街道办事处,659004,五家渠市,6590,自治区直辖县级行政区划
39,111,军垦南路社区居民委员会,659004001,军垦路街道办事处,659004,五家渠市,6590,自治区直辖县级行政区划
40,111,前进西街社区居民委员会,659004001,军垦路街道办事处,659004,五家渠市,6590,自治区直辖县级行政区划
41,111,振兴街社区居民委员会,659004001,军垦路街道办事处,659004,五家渠市,6590,自治区直辖县级行政区划
42,111,向阳路社区居民委员会,659004001,军垦路街道办事处,659004,五家渠市,6590,自治区直辖县级行政区划
43,111,天山北路社区居民委员会,659004001,军垦路街道办事处,659004,五家渠市,6590,自治区直辖县级行政区划
44,111,军垦北路社区居民委员会,659004001,军垦路街道办事处,659004,五家渠市,6590,自治区直辖县级行政区划
45,111,西林路社区居民委员会,659004001,军垦路街道办事处,659004,五家渠市,6590,自治区直辖县级行政区划
46,123,喀拉拜勒社区,659003514,兵团图木舒克市喀拉拜勒镇,659003,图木舒克市,6590,自治区直辖县级行政区划
47,220,北闸水管站生活区,659003514,兵团图木舒克市喀拉拜勒镇,659003,图木舒克市,6590,自治区直辖县级行政区划
48,220,南闸水管站生活区,659003514,兵团图木舒克市喀拉拜勒镇,659003,图木舒克市,6590,自治区直辖县级行政区划
49,220,渔业公司生活区,659003514,兵团图木舒克市喀拉拜勒镇,659003,图木舒克市,6590,自治区直辖县级行政区划
50,220,林管站生活区,659003514,兵团图木舒克市喀拉拜勒镇,659003,图木舒克市,6590,自治区直辖县级行政区划
51,123,团部,659003513,兵团五十三团,659003,图木舒克市,6590,自治区直辖县级行政区划
52,220,一连,659003513,兵团五十三团,659003,图木舒克市,6590,自治区直辖县级行政区划
53,220,二连,659003513,兵团五十三团,659003,图木舒克市,6590,自治区直辖县级行政区划
54,220,三连,659003513,兵团五十三团,659003,图木舒克市,6590,自治区直辖县级行政区划
55,220,四连,659003513,兵团五十三团,659003,图木舒克市,6590,自治区直辖县级行政区划
56,123,五连,659003513,兵团五十三团,659003,图木舒克市,6590,自治区直辖县级行政区划
57,220,六连,659003513,兵团五十三团,659003,图木舒克市,6590,自治区直辖县级行政区划
58,220,七连,659003513,兵团五十三团,659003,图木舒克市,6590,自治区直辖县级行政区划
59,220,八连,659003513,兵团五十三团,659003,图木舒克市,6590,自治区直辖县级行政区划
60,220,九连,659003513,兵团五十三团,659003,图木舒克市,6590,自治区直辖县级行政区划
61,220,十八连,659003513,兵团五十三团,659003,图木舒克市,6590,自治区直辖县级行政区划
62,220,十九连,659003513,兵团五十三团,659003,图木舒克市,6590,自治区直辖县级行政区划
63,220,二十连,659003513,兵团五十三团,659003,图木舒克市,6590,自治区直辖县级行政区划
64,220,二十一连,659003513,兵团五十三团,659003,图木舒克市,6590,自治区直辖县级行政区划
65,220,二十二连,659003513,兵团五十三团,659003,图木舒克市,6590,自治区直辖县级行政区划
66,220,二十三连,659003513,兵团五十三团,659003,图木舒克市,6590,自治区直辖县级行政区划
67,220,二十四连,659003513,兵团五十三团,659003,图木舒克市,6590,自治区直辖县级行政区划
68,220,良种连,659003513,兵团五十三团,659003,图木舒克市,6590,自治区直辖县级行政区划
69,123,林业站生活区,659003513,兵团五十三团,659003,图木舒克市,6590,自治区直辖县级行政区划
70,220,农一队,659003513,兵团五十三团,659003,图木舒克市,6590,自治区直辖县级行政区划
71,220,农二队,659003513,兵团五十三团,659003,图木舒克市,6590,自治区直辖县级行政区划
72,220,农三队,659003513,兵团五十三团,659003,图木舒克市,6590,自治区直辖县级行政区划
73,220,农四队,659003513,兵团五十三团,659003,图木舒克市,6590,自治区直辖县级行政区划
74,123,团部,659003511,兵团五十一团,659003,图木舒克市,6590,自治区直辖县级行政区划
75,220,二连,659003511,兵团五十一团,659003,图木舒克市,6590,自治区直辖县级行政区划
76,220,三连,659003511,兵团五十一团,659003,图木舒克市,6590,自治区直辖县级行政区划
77,220,四连,659003511,兵团五十一团,659003,图木舒克市,6590,自治区直辖县级行政区划
78,220,六连,659003511,兵团五十一团,659003,图木舒克市,6590,自治区直辖县级行政区划
79,220,十连,659003511,兵团五十一团,659003,图木舒克市,6590,自治区直辖县级行政区划
80,123,十二连,659003511,兵团五十一团,659003,图木舒克市,6590,自治区直辖县级行政区划
81,220,十三连,659003511,兵团五十一团,659003,图木舒克市,6590,自治区直辖县级行政区划
82,220,十四连,659003511,兵团五十一团,659003,图木舒克市,6590,自治区直辖县级行政区划
83,220,十五连,659003511,兵团五十一团,659003,图木舒克市,6590,自治区直辖县级行政区划
84,220,十六连,659003511,兵团五十一团,659003,图木舒克市,6590,自治区直辖县级行政区划
85,220,十九连,659003511,兵团五十一团,659003,图木舒克市,6590,自治区直辖县级行政区划
86,220,二十连,659003511,兵团五十一团,659003,图木舒克市,6590,自治区直辖县级行政区划
87,220,二十二连,659003511,兵团五十一团,659003,图木舒克市,6590,自治区直辖县级行政区划
88,220,农一队,659003511,兵团五十一团,659003,图木舒克市,6590,自治区直辖县级行政区划
89,220,农二队,659003511,兵团五十一团,659003,图木舒克市,6590,自治区直辖县级行政区划
90,220,农三队,659003511,兵团五十一团,659003,图木舒克市,6590,自治区直辖县级行政区划
91,123,团部,659003510,兵团五十团,659003,图木舒克市,6590,自治区直辖县级行政区划
92,123,一连,659003510,兵团五十团,659003,图木舒克市,6590,自治区直辖县级行政区划
93,220,二连,659003510,兵团五十团,659003,图木舒克市,6590,自治区直辖县级行政区划
94,220,三连,659003510,兵团五十团,659003,图木舒克市,6590,自治区直辖县级行政区划
95,220,四连,659003510,兵团五十团,659003,图木舒克市,6590,自治区直辖县级行政区划
96,220,六连,659003510,兵团五十团,659003,图木舒克市,6590,自治区直辖县级行政区划
97,220,七连,659003510,兵团五十团,659003,图木舒克市,6590,自治区直辖县级行政区划
98,220,八连,659003510,兵团五十团,659003,图木舒克市,6590,自治区直辖县级行政区划
99,220,九连,659003510,兵团五十团,659003,图木舒克市,6590,自治区直辖县级行政区划
100,220,十二连,659003510,兵团五十团,659003,图木舒克市,6590,自治区直辖县级行政区划
101,220,十三连,659003510,兵团五十团,659003,图木舒克市,6590,自治区直辖县级行政区划
102,220,十六连,659003510,兵团五十团,659003,图木舒克市,6590,自治区直辖县级行政区划
103,220,十七连,659003510,兵团五十团,659003,图木舒克市,6590,自治区直辖县级行政区划
104,123,二十连,659003510,兵团五十团,659003,图木舒克市,6590,自治区直辖县级行政区划
105,220,农一队,659003510,兵团五十团,659003,图木舒克市,6590,自治区直辖县级行政区划
106,220,农二队,659003510,兵团五十团,659003,图木舒克市,6590,自治区直辖县级行政区划
107,220,农三队,659003510,兵团五十团,659003,图木舒克市,6590,自治区直辖县级行政区划
108,220,农四队,659003510,兵团五十团,659003,图木舒克市,6590,自治区直辖县级行政区划
109,123,五连,659003510,兵团五十团,659003,图木舒克市,6590,自治区直辖县级行政区划
110,123,十连,659003510,兵团五十团,659003,图木舒克市,6590,自治区直辖县级行政区划
111,123,十一连,659003510,兵团五十团,659003,图木舒克市,6590,自治区直辖县级行政区划
112,123,十四连,659003510,兵团五十团,659003,图木舒克市,6590,自治区直辖县级行政区划
113,123,十五连,659003510,兵团五十团,659003,图木舒克市,6590,自治区直辖县级行政区划
114,123,十八连,659003510,兵团五十团,659003,图木舒克市,6590,自治区直辖县级行政区划
115,123,机一连,659003510,兵团五十团,659003,图木舒克市,6590,自治区直辖县级行政区划
116,123,机二连,659003510,兵团五十团,659003,图木舒克市,6590,自治区直辖县级行政区划
117,123,团部,659003509,兵团四十九团,659003,图木舒克市,6590,自治区直辖县级行政区划
118,220,一连,659003509,兵团四十九团,659003,图木舒克市,6590,自治区直辖县级行政区划
119,220,二连,659003509,兵团四十九团,659003,图木舒克市,6590,自治区直辖县级行政区划
120,220,三连,659003509,兵团四十九团,659003,图木舒克市,6590,自治区直辖县级行政区划
121,220,四连,659003509,兵团四十九团,659003,图木舒克市,6590,自治区直辖县级行政区划
122,220,六连,659003509,兵团四十九团,659003,图木舒克市,6590,自治区直辖县级行政区划
123,220,七连,659003509,兵团四十九团,659003,图木舒克市,6590,自治区直辖县级行政区划
124,220,八连,659003509,兵团四十九团,659003,图木舒克市,6590,自治区直辖县级行政区划
125,220,九连,659003509,兵团四十九团,659003,图木舒克市,6590,自治区直辖县级行政区划
126,220,十连,659003509,兵团四十九团,659003,图木舒克市,6590,自治区直辖县级行政区划
127,220,十一连,659003509,兵团四十九团,659003,图木舒克市,6590,自治区直辖县级行政区划
128,123,十二连,659003509,兵团四十九团,659003,图木舒克市,6590,自治区直辖县级行政区划
129,220,十三连,659003509,兵团四十九团,659003,图木舒克市,6590,自治区直辖县级行政区划
130,123,十四连,659003509,兵团四十九团,659003,图木舒克市,6590,自治区直辖县级行政区划
131,220,十五连,659003509,兵团四十九团,659003,图木舒克市,6590,自治区直辖县级行政区划
132,220,十六连,659003509,兵团四十九团,659003,图木舒克市,6590,自治区直辖县级行政区划
133,220,十八连,659003509,兵团四十九团,659003,图木舒克市,6590,自治区直辖县级行政区划
134,220,二十连,659003509,兵团四十九团,659003,图木舒克市,6590,自治区直辖县级行政区划
135,220,二十一连,659003509,兵团四十九团,659003,图木舒克市,6590,自治区直辖县级行政区划
136,123,园林站生活区,659003509,兵团四十九团,659003,图木舒克市,6590,自治区直辖县级行政区划
137,122,四十九机务二站生活区,659003509,兵团四十九团,659003,图木舒克市,6590,自治区直辖县级行政区划
138,220,青年连,659003509,兵团四十九团,659003,图木舒克市,6590,自治区直辖县级行政区划
139,220,十九连,659003509,兵团四十九团,659003,图木舒克市,6590,自治区直辖县级行政区划
140,111,团部,659003504,兵团四十四团,659003,图木舒克市,6590,自治区直辖县级行政区划
141,220,一连,659003504,兵团四十四团,659003,图木舒克市,6590,自治区直辖县级行政区划
142,112,二连,659003504,兵团四十四团,659003,图木舒克市,6590,自治区直辖县级行政区划
143,220,三连,659003504,兵团四十四团,659003,图木舒克市,6590,自治区直辖县级行政区划
144,112,四连,659003504,兵团四十四团,659003,图木舒克市,6590,自治区直辖县级行政区划
145,220,五连,659003504,兵团四十四团,659003,图木舒克市,6590,自治区直辖县级行政区划
146,220,六连,659003504,兵团四十四团,659003,图木舒克市,6590,自治区直辖县级行政区划
147,220,七连,659003504,兵团四十四团,659003,图木舒克市,6590,自治区直辖县级行政区划
148,220,八连,659003504,兵团四十四团,659003,图木舒克市,6590,自治区直辖县级行政区划
149,220,九连,659003504,兵团四十四团,659003,图木舒克市,6590,自治区直辖县级行政区划
150,220,十连,659003504,兵团四十四团,659003,图木舒克市,6590,自治区直辖县级行政区划
151,220,十一连,659003504,兵团四十四团,659003,图木舒克市,6590,自治区直辖县级行政区划
152,220,十二连,659003504,兵团四十四团,659003,图木舒克市,6590,自治区直辖县级行政区划
153,220,十三连,659003504,兵团四十四团,659003,图木舒克市,6590,自治区直辖县级行政区划
154,220,十四连,659003504,兵团四十四团,659003,图木舒克市,6590,自治区直辖县级行政区划
155,220,十五连,659003504,兵团四十四团,659003,图木舒克市,6590,自治区直辖县级行政区划
156,220,十六连,659003504,兵团四十四团,659003,图木舒克市,6590,自治区直辖县级行政区划
157,220,十七连,659003504,兵团四十四团,659003,图木舒克市,6590,自治区直辖县级行政区划
158,220,十八连,659003504,兵团四十四团,659003,图木舒克市,6590,自治区直辖县级行政区划
159,220,十九连,659003504,兵团四十四团,659003,图木舒克市,6590,自治区直辖县级行政区划
160,220,二十连,659003504,兵团四十四团,659003,图木舒克市,6590,自治区直辖县级行政区划
161,220,值班连,659003504,兵团四十四团,659003,图木舒克市,6590,自治区直辖县级行政区划
162,220,良种连,659003504,兵团四十四团,659003,图木舒克市,6590,自治区直辖县级行政区划
163,220,原种场,659003504,兵团四十四团,659003,图木舒克市,6590,自治区直辖县级行政区划
164,220,畜牧站生活区,659003504,兵团四十四团,659003,图木舒克市,6590,自治区直辖县级行政区划
165,220,种羊场,659003504,兵团四十四团,659003,图木舒克市,6590,自治区直辖县级行政区划
166,111,社区中心,659003504,兵团四十四团,659003,图木舒克市,6590,自治区直辖县级行政区划
167,220,农一队,659003504,兵团四十四团,659003,图木舒克市,6590,自治区直辖县级行政区划
168,220,农二队,659003504,兵团四十四团,659003,图木舒克市,6590,自治区直辖县级行政区划
169,123,团部,659003501,兵团四十一团,659003,图木舒克市,6590,自治区直辖县级行政区划
170,220,一连,659003501,兵团四十一团,659003,图木舒克市,6590,自治区直辖县级行政区划
171,220,二连,659003501,兵团四十一团,659003,图木舒克市,6590,自治区直辖县级行政区划
172,220,三连,659003501,兵团四十一团,659003,图木舒克市,6590,自治区直辖县级行政区划
173,220,四连,659003501,兵团四十一团,659003,图木舒克市,6590,自治区直辖县级行政区划
174,220,五连,659003501,兵团四十一团,659003,图木舒克市,6590,自治区直辖县级行政区划
175,220,六连,659003501,兵团四十一团,659003,图木舒克市,6590,自治区直辖县级行政区划
176,220,七连,659003501,兵团四十一团,659003,图木舒克市,6590,自治区直辖县级行政区划
177,220,八连,659003501,兵团四十一团,659003,图木舒克市,6590,自治区直辖县级行政区划
178,220,九连,659003501,兵团四十一团,659003,图木舒克市,6590,自治区直辖县级行政区划
179,220,良种连,659003501,兵团四十一团,659003,图木舒克市,6590,自治区直辖县级行政区划
180,123,林畜站生活区,659003501,兵团四十一团,659003,图木舒克市,6590,自治区直辖县级行政区划
181,220,机耕连,659003501,兵团四十一团,659003,图木舒克市,6590,自治区直辖县级行政区划
182,111,虚拟社区,659003003,永安坝街道办事处,659003,图木舒克市,6590,自治区直辖县级行政区划
183,111,前海社区,659003002,前海街道办事处,659003,图木舒克市,6590,自治区直辖县级行政区划
184,111,永安坝社区,659003002,前海街道办事处,659003,图木舒克市,6590,自治区直辖县级行政区划
185,111,锦绣社区,659003001,齐干却勒街道办事处,659003,图木舒克市,6590,自治区直辖县级行政区划
186,123,团部,659002520,兵团三团,659002,阿拉尔市,6590,自治区直辖县级行政区划
187,220,一连,659002520,兵团三团,659002,阿拉尔市,6590,自治区直辖县级行政区划
188,220,二连,659002520,兵团三团,659002,阿拉尔市,6590,自治区直辖县级行政区划
189,220,三连,659002520,兵团三团,659002,阿拉尔市,6590,自治区直辖县级行政区划
190,220,四连,659002520,兵团三团,659002,阿拉尔市,6590,自治区直辖县级行政区划
191,220,五连,659002520,兵团三团,659002,阿拉尔市,6590,自治区直辖县级行政区划
192,220,六连,659002520,兵团三团,659002,阿拉尔市,6590,自治区直辖县级行政区划
193,220,七连,659002520,兵团三团,659002,阿拉尔市,6590,自治区直辖县级行政区划
194,220,八连,659002520,兵团三团,659002,阿拉尔市,6590,自治区直辖县级行政区划
195,220,九连,659002520,兵团三团,659002,阿拉尔市,6590,自治区直辖县级行政区划
196,220,十连,659002520,兵团三团,659002,阿拉尔市,6590,自治区直辖县级行政区划
197,220,十一连,659002520,兵团三团,659002,阿拉尔市,6590,自治区直辖县级行政区划
198,220,十三连,659002520,兵团三团,659002,阿拉尔市,6590,自治区直辖县级行政区划
199,220,十四连,659002520,兵团三团,659002,阿拉尔市,6590,自治区直辖县级行政区划
200,220,十六连,659002520,兵团三团,659002,阿拉尔市,6590,自治区直辖县级行政区划
201,220,十七连,659002520,兵团三团,659002,阿拉尔市,6590,自治区直辖县级行政区划
202,220,十八连,659002520,兵团三团,659002,阿拉尔市,6590,自治区直辖县级行政区划
203,220,十九连,659002520,兵团三团,659002,阿拉尔市,6590,自治区直辖县级行政区划
204,220,二十连,659002520,兵团三团,659002,阿拉尔市,6590,自治区直辖县级行政区划
205,220,二十一连,659002520,兵团三团,659002,阿拉尔市,6590,自治区直辖县级行政区划
206,220,二十二连,659002520,兵团三团,659002,阿拉尔市,6590,自治区直辖县级行政区划
207,220,二十四连,659002520,兵团三团,659002,阿拉尔市,6590,自治区直辖县级行政区划
208,220,良繁站生活区,659002520,兵团三团,659002,阿拉尔市,6590,自治区直辖县级行政区划
209,220,科技连,659002520,兵团三团,659002,阿拉尔市,6590,自治区直辖县级行政区划
210,220,奶牛场,659002520,兵团三团,659002,阿拉尔市,6590,自治区直辖县级行政区划
211,123,团部,659002519,兵团二团,659002,阿拉尔市,6590,自治区直辖县级行政区划
212,220,一连,659002519,兵团二团,659002,阿拉尔市,6590,自治区直辖县级行政区划
213,220,三连,659002519,兵团二团,659002,阿拉尔市,6590,自治区直辖县级行政区划
214,220,四连,659002519,兵团二团,659002,阿拉尔市,6590,自治区直辖县级行政区划
215,220,六连,659002519,兵团二团,659002,阿拉尔市,6590,自治区直辖县级行政区划
216,220,七连,659002519,兵团二团,659002,阿拉尔市,6590,自治区直辖县级行政区划
217,220,八连,659002519,兵团二团,659002,阿拉尔市,6590,自治区直辖县级行政区划
218,220,十连,659002519,兵团二团,659002,阿拉尔市,6590,自治区直辖县级行政区划
219,220,十二连,659002519,兵团二团,659002,阿拉尔市,6590,自治区直辖县级行政区划
220,220,十三连,659002519,兵团二团,659002,阿拉尔市,6590,自治区直辖县级行政区划
221,220,十五连,659002519,兵团二团,659002,阿拉尔市,6590,自治区直辖县级行政区划
222,220,十六连,659002519,兵团二团,659002,阿拉尔市,6590,自治区直辖县级行政区划
223,220,十七连,659002519,兵团二团,659002,阿拉尔市,6590,自治区直辖县级行政区划
224,220,十八连,659002519,兵团二团,659002,阿拉尔市,6590,自治区直辖县级行政区划
225,220,十九连,659002519,兵团二团,659002,阿拉尔市,6590,自治区直辖县级行政区划
226,220,二十连,659002519,兵团二团,659002,阿拉尔市,6590,自治区直辖县级行政区划
227,220,二十一连,659002519,兵团二团,659002,阿拉尔市,6590,自治区直辖县级行政区划
228,220,二十二连,659002519,兵团二团,659002,阿拉尔市,6590,自治区直辖县级行政区划
229,220,二十三连,659002519,兵团二团,659002,阿拉尔市,6590,自治区直辖县级行政区划
230,220,二十四连,659002519,兵团二团,659002,阿拉尔市,6590,自治区直辖县级行政区划
231,220,园林站生活区,659002519,兵团二团,659002,阿拉尔市,6590,自治区直辖县级行政区划
232,220,二连,659002519,兵团二团,659002,阿拉尔市,6590,自治区直辖县级行政区划
233,123,西工业园区虚拟社区,659002518,西工业园区管理委员会,659002,阿拉尔市,6590,自治区直辖县级行政区划
234,123,机关社区,659002517,兵团农一师沙井子水利管理处,659002,阿拉尔市,6590,自治区直辖县级行政区划
235,220,水库管理所生活区,659002517,兵团农一师沙井子水利管理处,659002,阿拉尔市,6590,自治区直辖县级行政区划
236,220,一连,659002517,兵团农一师沙井子水利管理处,659002,阿拉尔市,6590,自治区直辖县级行政区划
237,220,二连,659002517,兵团农一师沙井子水利管理处,659002,阿拉尔市,6590,自治区直辖县级行政区划
238,220,三连,659002517,兵团农一师沙井子水利管理处,659002,阿拉尔市,6590,自治区直辖县级行政区划
239,220,棉花加工生活区,659002517,兵团农一师沙井子水利管理处,659002,阿拉尔市,6590,自治区直辖县级行政区划
240,220,四连,659002517,兵团农一师沙井子水利管理处,659002,阿拉尔市,6590,自治区直辖县级行政区划
241,220,五连,659002517,兵团农一师沙井子水利管理处,659002,阿拉尔市,6590,自治区直辖县级行政区划
242,220,六连,659002517,兵团农一师沙井子水利管理处,659002,阿拉尔市,6590,自治区直辖县级行政区划
243,220,七连,659002517,兵团农一师沙井子水利管理处,659002,阿拉尔市,6590,自治区直辖县级行政区划
244,220,八连,659002517,兵团农一师沙井子水利管理处,659002,阿拉尔市,6590,自治区直辖县级行政区划
245,123,团部,659002516,兵团一团,659002,阿拉尔市,6590,自治区直辖县级行政区划
246,220,一连,659002516,兵团一团,659002,阿拉尔市,6590,自治区直辖县级行政区划
247,220,二连,659002516,兵团一团,659002,阿拉尔市,6590,自治区直辖县级行政区划
248,220,三连,659002516,兵团一团,659002,阿拉尔市,6590,自治区直辖县级行政区划
249,220,四连,659002516,兵团一团,659002,阿拉尔市,6590,自治区直辖县级行政区划
250,220,五连,659002516,兵团一团,659002,阿拉尔市,6590,自治区直辖县级行政区划
251,220,六连,659002516,兵团一团,659002,阿拉尔市,6590,自治区直辖县级行政区划
252,220,七连,659002516,兵团一团,659002,阿拉尔市,6590,自治区直辖县级行政区划
253,220,八连,659002516,兵团一团,659002,阿拉尔市,6590,自治区直辖县级行政区划
254,220,九连,659002516,兵团一团,659002,阿拉尔市,6590,自治区直辖县级行政区划
255,123,十连,659002516,兵团一团,659002,阿拉尔市,6590,自治区直辖县级行政区划
256,220,十一连,659002516,兵团一团,659002,阿拉尔市,6590,自治区直辖县级行政区划
257,220,十二连,659002516,兵团一团,659002,阿拉尔市,6590,自治区直辖县级行政区划
258,220,十三连,659002516,兵团一团,659002,阿拉尔市,6590,自治区直辖县级行政区划
259,220,十四连,659002516,兵团一团,659002,阿拉尔市,6590,自治区直辖县级行政区划
260,220,十五连,659002516,兵团一团,659002,阿拉尔市,6590,自治区直辖县级行政区划
261,220,十六连,659002516,兵团一团,659002,阿拉尔市,6590,自治区直辖县级行政区划
262,220,十七连,659002516,兵团一团,659002,阿拉尔市,6590,自治区直辖县级行政区划
263,220,十八连,659002516,兵团一团,659002,阿拉尔市,6590,自治区直辖县级行政区划
264,220,十九连,659002516,兵团一团,659002,阿拉尔市,6590,自治区直辖县级行政区划
265,220,二十二连,659002516,兵团一团,659002,阿拉尔市,6590,自治区直辖县级行政区划
266,220,二十三连,659002516,兵团一团,659002,阿拉尔市,6590,自治区直辖县级行政区划
267,220,园林队,659002516,兵团一团,659002,阿拉尔市,6590,自治区直辖县级行政区划
268,220,二十连,659002516,兵团一团,659002,阿拉尔市,6590,自治区直辖县级行政区划
269,220,二十一连,659002516,兵团一团,659002,阿拉尔市,6590,自治区直辖县级行政区划
270,220,二十四连,659002516,兵团一团,659002,阿拉尔市,6590,自治区直辖县级行政区划
271,220,二十五连,659002516,兵团一团,659002,阿拉尔市,6590,自治区直辖县级行政区划
272,220,二十六连,659002516,兵团一团,659002,阿拉尔市,6590,自治区直辖县级行政区划
273,220,新皇宫社区,659002516,兵团一团,659002,阿拉尔市,6590,自治区直辖县级行政区划
274,123,中心监狱虚拟社区,659002515,中心监狱,659002,阿拉尔市,6590,自治区直辖县级行政区划
275,111,绿园镇,659002514,兵团第一师幸福农场,659002,阿拉尔市,6590,自治区直辖县级行政区划
276,220,水工处一连,659002514,兵团第一师幸福农场,659002,阿拉尔市,6590,自治区直辖县级行政区划
277,220,水工处二连,659002514,兵团第一师幸福农场,659002,阿拉尔市,6590,自治区直辖县级行政区划
278,220,水工处三连,659002514,兵团第一师幸福农场,659002,阿拉尔市,6590,自治区直辖县级行政区划
279,220,水工处七连,659002514,兵团第一师幸福农场,659002,阿拉尔市,6590,自治区直辖县级行政区划
280,220,塔水处七连,659002514,兵团第一师幸福农场,659002,阿拉尔市,6590,自治区直辖县级行政区划
281,220,塔水处八连,659002514,兵团第一师幸福农场,659002,阿拉尔市,6590,自治区直辖县级行政区划
282,220,北二干生活区,659002514,兵团第一师幸福农场,659002,阿拉尔市,6590,自治区直辖县级行政区划
283,111,团部,659002513,阿拉尔农场,659002,阿拉尔市,6590,自治区直辖县级行政区划
284,220,五连,659002513,阿拉尔农场,659002,阿拉尔市,6590,自治区直辖县级行政区划
285,220,六连,659002513,阿拉尔农场,659002,阿拉尔市,6590,自治区直辖县级行政区划
286,220,七连,659002513,阿拉尔农场,659002,阿拉尔市,6590,自治区直辖县级行政区划
287,220,八连,659002513,阿拉尔农场,659002,阿拉尔市,6590,自治区直辖县级行政区划
288,220,十连,659002513,阿拉尔农场,659002,阿拉尔市,6590,自治区直辖县级行政区划
289,220,十一连,659002513,阿拉尔农场,659002,阿拉尔市,6590,自治区直辖县级行政区划
290,220,十二连,659002513,阿拉尔农场,659002,阿拉尔市,6590,自治区直辖县级行政区划
291,220,十三连,659002513,阿拉尔农场,659002,阿拉尔市,6590,自治区直辖县级行政区划
292,220,十五连,659002513,阿拉尔农场,659002,阿拉尔市,6590,自治区直辖县级行政区划
293,220,十六连,659002513,阿拉尔农场,659002,阿拉尔市,6590,自治区直辖县级行政区划
294,220,九连,659002513,阿拉尔农场,659002,阿拉尔市,6590,自治区直辖县级行政区划
295,220,十四连,659002513,阿拉尔农场,659002,阿拉尔市,6590,自治区直辖县级行政区划
296,111,团部,659002512,兵团第一师塔里木灌区水利管理处,659002,阿拉尔市,6590,自治区直辖县级行政区划
297,220,上游水库管理所生活区,659002512,兵团第一师塔里木灌区水利管理处,659002,阿拉尔市,6590,自治区直辖县级行政区划
298,220,塔水处小学生活区,659002512,兵团第一师塔里木灌区水利管理处,659002,阿拉尔市,6590,自治区直辖县级行政区划
299,220,胜利水库管理所生活区,659002512,兵团第一师塔里木灌区水利管理处,659002,阿拉尔市,6590,自治区直辖县级行政区划
300,220,多浪水库管理所生活区,659002512,兵团第一师塔里木灌区水利管理处,659002,阿拉尔市,6590,自治区直辖县级行政区划
301,220,多浪养殖场,659002512,兵团第一师塔里木灌区水利管理处,659002,阿拉尔市,6590,自治区直辖县级行政区划
302,220,塔河种业九连,659002512,兵团第一师塔里木灌区水利管理处,659002,阿拉尔市,6590,自治区直辖县级行政区划
303,220,南管站生活区,659002512,兵团第一师塔里木灌区水利管理处,659002,阿拉尔市,6590,自治区直辖县级行政区划
304,220,拦河闸管理站生活区,659002512,兵团第一师塔里木灌区水利管理处,659002,阿拉尔市,6590,自治区直辖县级行政区划
305,111,团部,659002511,兵团第一师水利水电工程处,659002,阿拉尔市,6590,自治区直辖县级行政区划
306,220,塔河种业六连,659002511,兵团第一师水利水电工程处,659002,阿拉尔市,6590,自治区直辖县级行政区划
307,123,团部,659002509,兵团十六团,659002,阿拉尔市,6590,自治区直辖县级行政区划
308,220,一连,659002509,兵团十六团,659002,阿拉尔市,6590,自治区直辖县级行政区划
309,220,二连,659002509,兵团十六团,659002,阿拉尔市,6590,自治区直辖县级行政区划
310,220,三连,659002509,兵团十六团,659002,阿拉尔市,6590,自治区直辖县级行政区划
311,220,四连,659002509,兵团十六团,659002,阿拉尔市,6590,自治区直辖县级行政区划
312,220,五连,659002509,兵团十六团,659002,阿拉尔市,6590,自治区直辖县级行政区划
313,220,六连,659002509,兵团十六团,659002,阿拉尔市,6590,自治区直辖县级行政区划
314,220,七连,659002509,兵团十六团,659002,阿拉尔市,6590,自治区直辖县级行政区划
315,220,八连,659002509,兵团十六团,659002,阿拉尔市,6590,自治区直辖县级行政区划
316,220,九连,659002509,兵团十六团,659002,阿拉尔市,6590,自治区直辖县级行政区划
317,220,十连,659002509,兵团十六团,659002,阿拉尔市,6590,自治区直辖县级行政区划
318,220,十一连,659002509,兵团十六团,659002,阿拉尔市,6590,自治区直辖县级行政区划
319,220,十三连,659002509,兵团十六团,659002,阿拉尔市,6590,自治区直辖县级行政区划
320,220,园林二队,659002509,兵团十六团,659002,阿拉尔市,6590,自治区直辖县级行政区划
321,220,农一队,659002509,兵团十六团,659002,阿拉尔市,6590,自治区直辖县级行政区划
322,220,农二队,659002509,兵团十六团,659002,阿拉尔市,6590,自治区直辖县级行政区划
323,220,十五连,659002509,兵团十六团,659002,阿拉尔市,6590,自治区直辖县级行政区划
324,220,十二连,659002509,兵团十六团,659002,阿拉尔市,6590,自治区直辖县级行政区划
325,220,十六连,659002509,兵团十六团,659002,阿拉尔市,6590,自治区直辖县级行政区划
326,220,十四连,659002509,兵团十六团,659002,阿拉尔市,6590,自治区直辖县级行政区划
327,123,团部,659002507,兵团十四团,659002,阿拉尔市,6590,自治区直辖县级行政区划
328,220,一连,659002507,兵团十四团,659002,阿拉尔市,6590,自治区直辖县级行政区划
329,220,二连,659002507,兵团十四团,659002,阿拉尔市,6590,自治区直辖县级行政区划
330,220,三连,659002507,兵团十四团,659002,阿拉尔市,6590,自治区直辖县级行政区划
331,220,四连,659002507,兵团十四团,659002,阿拉尔市,6590,自治区直辖县级行政区划
332,220,五连,659002507,兵团十四团,659002,阿拉尔市,6590,自治区直辖县级行政区划
333,220,六连,659002507,兵团十四团,659002,阿拉尔市,6590,自治区直辖县级行政区划
334,220,七连,659002507,兵团十四团,659002,阿拉尔市,6590,自治区直辖县级行政区划
335,220,八连,659002507,兵团十四团,659002,阿拉尔市,6590,自治区直辖县级行政区划
336,220,九连,659002507,兵团十四团,659002,阿拉尔市,6590,自治区直辖县级行政区划
337,220,十连,659002507,兵团十四团,659002,阿拉尔市,6590,自治区直辖县级行政区划
338,123,团部,659002506,兵团十三团,659002,阿拉尔市,6590,自治区直辖县级行政区划
339,220,十四连,659002506,兵团十三团,659002,阿拉尔市,6590,自治区直辖县级行政区划
340,220,二十连,659002506,兵团十三团,659002,阿拉尔市,6590,自治区直辖县级行政区划
341,220,二十一连,659002506,兵团十三团,659002,阿拉尔市,6590,自治区直辖县级行政区划
342,220,十一连,659002506,兵团十三团,659002,阿拉尔市,6590,自治区直辖县级行政区划
343,220,十九连,659002506,兵团十三团,659002,阿拉尔市,6590,自治区直辖县级行政区划
344,220,二十二连,659002506,兵团十三团,659002,阿拉尔市,6590,自治区直辖县级行政区划
345,220,十六连,659002506,兵团十三团,659002,阿拉尔市,6590,自治区直辖县级行政区划
346,220,十八连,659002506,兵团十三团,659002,阿拉尔市,6590,自治区直辖县级行政区划
347,220,一连,659002506,兵团十三团,659002,阿拉尔市,6590,自治区直辖县级行政区划
348,220,二连,659002506,兵团十三团,659002,阿拉尔市,6590,自治区直辖县级行政区划
349,220,二十四连,659002506,兵团十三团,659002,阿拉尔市,6590,自治区直辖县级行政区划
350,220,四连,659002506,兵团十三团,659002,阿拉尔市,6590,自治区直辖县级行政区划
351,220,五连,659002506,兵团十三团,659002,阿拉尔市,6590,自治区直辖县级行政区划
352,220,六连,659002506,兵团十三团,659002,阿拉尔市,6590,自治区直辖县级行政区划
353,220,七连,659002506,兵团十三团,659002,阿拉尔市,6590,自治区直辖县级行政区划
354,220,八连,659002506,兵团十三团,659002,阿拉尔市,6590,自治区直辖县级行政区划
355,220,九连,659002506,兵团十三团,659002,阿拉尔市,6590,自治区直辖县级行政区划
356,220,十连,659002506,兵团十三团,659002,阿拉尔市,6590,自治区直辖县级行政区划
357,220,三连,659002506,兵团十三团,659002,阿拉尔市,6590,自治区直辖县级行政区划
358,220,十二连,659002506,兵团十三团,659002,阿拉尔市,6590,自治区直辖县级行政区划
359,220,十三连,659002506,兵团十三团,659002,阿拉尔市,6590,自治区直辖县级行政区划
360,220,十五连,659002506,兵团十三团,659002,阿拉尔市,6590,自治区直辖县级行政区划
361,220,二十三连,659002506,兵团十三团,659002,阿拉尔市,6590,自治区直辖县级行政区划
362,220,二十五连,659002506,兵团十三团,659002,阿拉尔市,6590,自治区直辖县级行政区划
363,220,十七连,659002506,兵团十三团,659002,阿拉尔市,6590,自治区直辖县级行政区划
364,220,十三团第二社区,659002506,兵团十三团,659002,阿拉尔市,6590,自治区直辖县级行政区划
365,220,农一队,659002506,兵团十三团,659002,阿拉尔市,6590,自治区直辖县级行政区划
366,220,农二队,659002506,兵团十三团,659002,阿拉尔市,6590,自治区直辖县级行政区划
367,220,农三队,659002506,兵团十三团,659002,阿拉尔市,6590,自治区直辖县级行政区划
368,220,农四队,659002506,兵团十三团,659002,阿拉尔市,6590,自治区直辖县级行政区划
369,111,团部,659002505,兵团十二团,659002,阿拉尔市,6590,自治区直辖县级行政区划
370,220,二连,659002505,兵团十二团,659002,阿拉尔市,6590,自治区直辖县级行政区划
371,220,三连,659002505,兵团十二团,659002,阿拉尔市,6590,自治区直辖县级行政区划
372,220,五连,659002505,兵团十二团,659002,阿拉尔市,6590,自治区直辖县级行政区划
373,220,七连,659002505,兵团十二团,659002,阿拉尔市,6590,自治区直辖县级行政区划
374,220,九连,659002505,兵团十二团,659002,阿拉尔市,6590,自治区直辖县级行政区划
375,220,十一连,659002505,兵团十二团,659002,阿拉尔市,6590,自治区直辖县级行政区划
376,220,十四连,659002505,兵团十二团,659002,阿拉尔市,6590,自治区直辖县级行政区划
377,220,二十一连,659002505,兵团十二团,659002,阿拉尔市,6590,自治区直辖县级行政区划
378,220,二十三连,659002505,兵团十二团,659002,阿拉尔市,6590,自治区直辖县级行政区划
379,220,二十六连,659002505,兵团十二团,659002,阿拉尔市,6590,自治区直辖县级行政区划
380,220,二十九连,659002505,兵团十二团,659002,阿拉尔市,6590,自治区直辖县级行政区划
381,220,六连,659002505,兵团十二团,659002,阿拉尔市,6590,自治区直辖县级行政区划
382,220,八连,659002505,兵团十二团,659002,阿拉尔市,6590,自治区直辖县级行政区划
383,220,四连,659002505,兵团十二团,659002,阿拉尔市,6590,自治区直辖县级行政区划
384,220,新五连,659002505,兵团十二团,659002,阿拉尔市,6590,自治区直辖县级行政区划
385,220,十连,659002505,兵团十二团,659002,阿拉尔市,6590,自治区直辖县级行政区划
386,220,二十二连,659002505,兵团十二团,659002,阿拉尔市,6590,自治区直辖县级行政区划
387,220,二十四连,659002505,兵团十二团,659002,阿拉尔市,6590,自治区直辖县级行政区划
388,220,二十八连,659002505,兵团十二团,659002,阿拉尔市,6590,自治区直辖县级行政区划
389,220,农一队,659002505,兵团十二团,659002,阿拉尔市,6590,自治区直辖县级行政区划
390,220,农二队,659002505,兵团十二团,659002,阿拉尔市,6590,自治区直辖县级行政区划
391,123,团部,659002504,兵团十一团,659002,阿拉尔市,6590,自治区直辖县级行政区划
392,220,一连,659002504,兵团十一团,659002,阿拉尔市,6590,自治区直辖县级行政区划
393,220,二连,659002504,兵团十一团,659002,阿拉尔市,6590,自治区直辖县级行政区划
394,220,三连,659002504,兵团十一团,659002,阿拉尔市,6590,自治区直辖县级行政区划
395,220,四连,659002504,兵团十一团,659002,阿拉尔市,6590,自治区直辖县级行政区划
396,220,五连,659002504,兵团十一团,659002,阿拉尔市,6590,自治区直辖县级行政区划
397,220,林牧站生活区,659002504,兵团十一团,659002,阿拉尔市,6590,自治区直辖县级行政区划
398,220,农三队,659002504,兵团十一团,659002,阿拉尔市,6590,自治区直辖县级行政区划
399,220,六连,659002504,兵团十一团,659002,阿拉尔市,6590,自治区直辖县级行政区划
400,220,七连,659002504,兵团十一团,659002,阿拉尔市,6590,自治区直辖县级行政区划
401,220,八连,659002504,兵团十一团,659002,阿拉尔市,6590,自治区直辖县级行政区划
402,220,九连,659002504,兵团十一团,659002,阿拉尔市,6590,自治区直辖县级行政区划
403,220,十连,659002504,兵团十一团,659002,阿拉尔市,6590,自治区直辖县级行政区划
404,220,十一连,659002504,兵团十一团,659002,阿拉尔市,6590,自治区直辖县级行政区划
405,220,十三连,659002504,兵团十一团,659002,阿拉尔市,6590,自治区直辖县级行政区划
406,220,十四连,659002504,兵团十一团,659002,阿拉尔市,6590,自治区直辖县级行政区划
407,220,十五连,659002504,兵团十一团,659002,阿拉尔市,6590,自治区直辖县级行政区划
408,123,团部,659002503,兵团十团,659002,阿拉尔市,6590,自治区直辖县级行政区划
409,220,一连,659002503,兵团十团,659002,阿拉尔市,6590,自治区直辖县级行政区划
410,220,二连,659002503,兵团十团,659002,阿拉尔市,6590,自治区直辖县级行政区划
411,220,三连,659002503,兵团十团,659002,阿拉尔市,6590,自治区直辖县级行政区划
412,220,四连,659002503,兵团十团,659002,阿拉尔市,6590,自治区直辖县级行政区划
413,220,五连,659002503,兵团十团,659002,阿拉尔市,6590,自治区直辖县级行政区划
414,220,六连,659002503,兵团十团,659002,阿拉尔市,6590,自治区直辖县级行政区划
415,220,七连,659002503,兵团十团,659002,阿拉尔市,6590,自治区直辖县级行政区划
416,220,八连,659002503,兵团十团,659002,阿拉尔市,6590,自治区直辖县级行政区划
417,220,九连,659002503,兵团十团,659002,阿拉尔市,6590,自治区直辖县级行政区划
418,220,十连,659002503,兵团十团,659002,阿拉尔市,6590,自治区直辖县级行政区划
419,220,十一连,659002503,兵团十团,659002,阿拉尔市,6590,自治区直辖县级行政区划
420,220,十二连,659002503,兵团十团,659002,阿拉尔市,6590,自治区直辖县级行政区划
421,220,十三连,659002503,兵团十团,659002,阿拉尔市,6590,自治区直辖县级行政区划
422,220,农二队,659002503,兵团十团,659002,阿拉尔市,6590,自治区直辖县级行政区划
423,220,农三队,659002503,兵团十团,659002,阿拉尔市,6590,自治区直辖县级行政区划
424,220,十四连,659002503,兵团十团,659002,阿拉尔市,6590,自治区直辖县级行政区划
425,220,十五连,659002503,兵团十团,659002,阿拉尔市,6590,自治区直辖县级行政区划
426,220,十六连,659002503,兵团十团,659002,阿拉尔市,6590,自治区直辖县级行政区划
427,220,十七连,659002503,兵团十团,659002,阿拉尔市,6590,自治区直辖县级行政区划
428,220,十八连,659002503,兵团十团,659002,阿拉尔市,6590,自治区直辖县级行政区划
429,220,十九连,659002503,兵团十团,659002,阿拉尔市,6590,自治区直辖县级行政区划
430,123,团部,659002501,兵团八团,659002,阿拉尔市,6590,自治区直辖县级行政区划
431,220,一连,659002501,兵团八团,659002,阿拉尔市,6590,自治区直辖县级行政区划
432,220,二连,659002501,兵团八团,659002,阿拉尔市,6590,自治区直辖县级行政区划
433,220,三连,659002501,兵团八团,659002,阿拉尔市,6590,自治区直辖县级行政区划
434,220,四连,659002501,兵团八团,659002,阿拉尔市,6590,自治区直辖县级行政区划
435,220,五连,659002501,兵团八团,659002,阿拉尔市,6590,自治区直辖县级行政区划
436,220,六连,659002501,兵团八团,659002,阿拉尔市,6590,自治区直辖县级行政区划
437,220,七连,659002501,兵团八团,659002,阿拉尔市,6590,自治区直辖县级行政区划
438,220,八连,659002501,兵团八团,659002,阿拉尔市,6590,自治区直辖县级行政区划
439,220,九连,659002501,兵团八团,659002,阿拉尔市,6590,自治区直辖县级行政区划
440,220,十连,659002501,兵团八团,659002,阿拉尔市,6590,自治区直辖县级行政区划
441,220,农二队,659002501,兵团八团,659002,阿拉尔市,6590,自治区直辖县级行政区划
442,220,农四队,659002501,兵团八团,659002,阿拉尔市,6590,自治区直辖县级行政区划
443,123,团部,659002500,兵团七团,659002,阿拉尔市,6590,自治区直辖县级行政区划
444,123,一连,659002500,兵团七团,659002,阿拉尔市,6590,自治区直辖县级行政区划
445,220,三连,659002500,兵团七团,659002,阿拉尔市,6590,自治区直辖县级行政区划
446,220,四连,659002500,兵团七团,659002,阿拉尔市,6590,自治区直辖县级行政区划
447,220,五连,659002500,兵团七团,659002,阿拉尔市,6590,自治区直辖县级行政区划
448,220,六连,659002500,兵团七团,659002,阿拉尔市,6590,自治区直辖县级行政区划
449,220,八连,659002500,兵团七团,659002,阿拉尔市,6590,自治区直辖县级行政区划
450,220,九连,659002500,兵团七团,659002,阿拉尔市,6590,自治区直辖县级行政区划
451,220,十连,659002500,兵团七团,659002,阿拉尔市,6590,自治区直辖县级行政区划
452,220,十一连,659002500,兵团七团,659002,阿拉尔市,6590,自治区直辖县级行政区划
453,220,十二连,659002500,兵团七团,659002,阿拉尔市,6590,自治区直辖县级行政区划
454,220,十三连,659002500,兵团七团,659002,阿拉尔市,6590,自治区直辖县级行政区划
455,220,十四连,659002500,兵团七团,659002,阿拉尔市,6590,自治区直辖县级行政区划
456,220,农业排并入十三连,659002500,兵团七团,659002,阿拉尔市,6590,自治区直辖县级行政区划
457,220,科技连,659002500,兵团七团,659002,阿拉尔市,6590,自治区直辖县级行政区划
458,220,十五连,659002500,兵团七团,659002,阿拉尔市,6590,自治区直辖县级行政区划
459,220,二连,659002500,兵团七团,659002,阿拉尔市,6590,自治区直辖县级行政区划
460,220,七连,659002500,兵团七团,659002,阿拉尔市,6590,自治区直辖县级行政区划
461,220,依玛帕夏,659002500,兵团七团,659002,阿拉尔市,6590,自治区直辖县级行政区划
462,220,水工六连,659002500,兵团七团,659002,阿拉尔市,6590,自治区直辖县级行政区划
463,220,林业工作站,659002500,兵团七团,659002,阿拉尔市,6590,自治区直辖县级行政区划
464,220,畜牧兽医工作站,659002500,兵团七团,659002,阿拉尔市,6590,自治区直辖县级行政区划
465,123,工业园区虚拟社区,659002402,工业园区,659002,阿拉尔市,6590,自治区直辖县级行政区划
466,111,喀拉墩村委会,659002200,托喀依乡,659002,阿拉尔市,6590,自治区直辖县级行政区划
467,220,纳格热哈纳村委会,659002200,托喀依乡,659002,阿拉尔市,6590,自治区直辖县级行政区划
468,220,达利亚阿格孜村委会,659002200,托喀依乡,659002,阿拉尔市,6590,自治区直辖县级行政区划
469,220,托帕克喀其提村委会,659002200,托喀依乡,659002,阿拉尔市,6590,自治区直辖县级行政区划
470,220,海勒克库都克村委会,659002200,托喀依乡,659002,阿拉尔市,6590,自治区直辖县级行政区划
471,220,亚苏克村委会,659002200,托喀依乡,659002,阿拉尔市,6590,自治区直辖县级行政区划
472,220,科克库勒村委会,659002200,托喀依乡,659002,阿拉尔市,6590,自治区直辖县级行政区划
473,220,阿尕登村委会,659002200,托喀依乡,659002,阿拉尔市,6590,自治区直辖县级行政区划
474,111,青年路社区,659002004,南口街道办事处,659002,阿拉尔市,6590,自治区直辖县级行政区划
475,111,长安路社区,659002004,南口街道办事处,659002,阿拉尔市,6590,自治区直辖县级行政区划
476,111,台州新村社区,659002004,南口街道办事处,659002,阿拉尔市,6590,自治区直辖县级行政区划
477,111,文明路社区,659002004,南口街道办事处,659002,阿拉尔市,6590,自治区直辖县级行政区划
478,111,阳光社区,659002003,青松路街道办事处,659002,阿拉尔市,6590,自治区直辖县级行政区划
479,112,塔河社区,659002003,青松路街道办事处,659002,阿拉尔市,6590,自治区直辖县级行政区划
480,112,第三社区,659002003,青松路街道办事处,659002,阿拉尔市,6590,自治区直辖县级行政区划
481,111,新苑社区,659002002,幸福路街道办事处,659002,阿拉尔市,6590,自治区直辖县级行政区划
482,111,花园路社区,659002002,幸福路街道办事处,659002,阿拉尔市,6590,自治区直辖县级行政区划
483,111,桃园社区,659002002,幸福路街道办事处,659002,阿拉尔市,6590,自治区直辖县级行政区划
484,111,第四社区,659002002,幸福路街道办事处,659002,阿拉尔市,6590,自治区直辖县级行政区划
485,111,大学社区,659002002,幸福路街道办事处,659002,阿拉尔市,6590,自治区直辖县级行政区划
486,111,南公园社区,659002001,金银川路街道办事处,659002,阿拉尔市,6590,自治区直辖县级行政区划
487,111,绿园社区,659002001,金银川路街道办事处,659002,阿拉尔市,6590,自治区直辖县级行政区划
488,111,胡杨社区,659002001,金银川路街道办事处,659002,阿拉尔市,6590,自治区直辖县级行政区划
489,111,第四社区,659002001,金银川路街道办事处,659002,阿拉尔市,6590,自治区直辖县级行政区划
490,111,第五社区,659002001,金银川路街道办事处,659002,阿拉尔市,6590,自治区直辖县级行政区划
491,111,团部,659001500,兵团一五二团,659001,石河子市,6590,自治区直辖县级行政区划
492,220,二连,659001500,兵团一五二团,659001,石河子市,6590,自治区直辖县级行政区划
493,220,三连,659001500,兵团一五二团,659001,石河子市,6590,自治区直辖县级行政区划
494,220,四连,659001500,兵团一五二团,659001,石河子市,6590,自治区直辖县级行政区划
495,220,六连,659001500,兵团一五二团,659001,石河子市,6590,自治区直辖县级行政区划
496,220,七连,659001500,兵团一五二团,659001,石河子市,6590,自治区直辖县级行政区划
497,220,十连,659001500,兵团一五二团,659001,石河子市,6590,自治区直辖县级行政区划
498,220,五连,659001500,兵团一五二团,659001,石河子市,6590,自治区直辖县级行政区划
499,111,镇居委会,659001101,石河子镇,659001,石河子市,6590,自治区直辖县级行政区划
500,220,洞子渠村委会,659001101,石河子镇,659001,石河子市,6590,自治区直辖县级行政区划
501,220,五道湾村委会,659001101,石河子镇,659001,石河子市,6590,自治区直辖县级行政区划
502,220,河沿村委会,659001101,石河子镇,659001,石河子市,6590,自治区直辖县级行政区划
503,220,下二宫村委会,659001101,石河子镇,659001,石河子市,6590,自治区直辖县级行政区划
504,220,南湾村委会,659001101,石河子镇,659001,石河子市,6590,自治区直辖县级行政区划
505,220,二宫村委会,659001101,石河子镇,659001,石河子市,6590,自治区直辖县级行政区划
506,220,十户窑村委会,659001101,石河子镇,659001,石河子市,6590,自治区直辖县级行政区划
507,220,上三宫村委会,659001101,石河子镇,659001,石河子市,6590,自治区直辖县级行政区划
508,220,三宫村委会,659001101,石河子镇,659001,石河子市,6590,自治区直辖县级行政区划
509,111,努尔巴克村委会,659001101,石河子镇,659001,石河子市,6590,自治区直辖县级行政区划
510,220,四宫村委会,659001101,石河子镇,659001,石河子市,6590,自治区直辖县级行政区划
511,220,霍斯阿尔克村委会,659001101,石河子镇,659001,石河子市,6590,自治区直辖县级行政区划
512,111,三十户村委会,659001101,石河子镇,659001,石河子市,6590,自治区直辖县级行政区划
513,111,马家坪村委会,659001101,石河子镇,659001,石河子市,6590,自治区直辖县级行政区划
514,111,山丹湖村委会,659001101,石河子镇,659001,石河子市,6590,自治区直辖县级行政区划
515,220,大庙村委会,659001101,石河子镇,659001,石河子市,6590,自治区直辖县级行政区划
516,111,东桥村委会,659001101,石河子镇,659001,石河子市,6590,自治区直辖县级行政区划
517,111,六宫村委会,659001101,石河子镇,659001,石河子市,6590,自治区直辖县级行政区划
518,111,沙依巴克村委会,659001101,石河子镇,659001,石河子市,6590,自治区直辖县级行政区划
519,111,袁家沟村委会,659001101,石河子镇,659001,石河子市,6590,自治区直辖县级行政区划
520,112,五宫村委会,659001101,石河子镇,659001,石河子市,6590,自治区直辖县级行政区划
521,111,文化宫社区,659001100,北泉镇,659001,石河子市,6590,自治区直辖县级行政区划
522,111,北泉花园社区,659001100,北泉镇,659001,石河子市,6590,自治区直辖县级行政区划
523,111,军垦社区,659001100,北泉镇,659001,石河子市,6590,自治区直辖县级行政区划
524,111,纪念碑社区,659001100,北泉镇,659001,石河子市,6590,自治区直辖县级行政区划
525,112,小林场社区,659001100,北泉镇,659001,石河子市,6590,自治区直辖县级行政区划
526,111,白杨社区,659001100,北泉镇,659001,石河子市,6590,自治区直辖县级行政区划
527,122,大泉沟村委会,659001100,北泉镇,659001,石河子市,6590,自治区直辖县级行政区划
528,220,清泉集十一连,659001100,北泉镇,659001,石河子市,6590,自治区直辖县级行政区划
529,220,泉水地十一连,659001100,北泉镇,659001,石河子市,6590,自治区直辖县级行政区划
530,122,清泉集社区村委会,659001100,北泉镇,659001,石河子市,6590,自治区直辖县级行政区划
531,220,清泉集一连,659001100,北泉镇,659001,石河子市,6590,自治区直辖县级行政区划
532,220,清泉集二连,659001100,北泉镇,659001,石河子市,6590,自治区直辖县级行政区划
533,220,清泉集三连,659001100,北泉镇,659001,石河子市,6590,自治区直辖县级行政区划
534,220,清泉集四连,659001100,北泉镇,659001,石河子市,6590,自治区直辖县级行政区划
535,220,清泉集五连,659001100,北泉镇,659001,石河子市,6590,自治区直辖县级行政区划
536,220,清泉集六连,659001100,北泉镇,659001,石河子市,6590,自治区直辖县级行政区划
537,220,清泉集七连,659001100,北泉镇,659001,石河子市,6590,自治区直辖县级行政区划
538,220,清泉集八连,659001100,北泉镇,659001,石河子市,6590,自治区直辖县级行政区划
539,220,清泉集九连,659001100,北泉镇,659001,石河子市,6590,自治区直辖县级行政区划
540,220,清泉集十连,659001100,北泉镇,659001,石河子市,6590,自治区直辖县级行政区划
541,220,双泉集社区村委会,659001100,北泉镇,659001,石河子市,6590,自治区直辖县级行政区划
542,220,双泉集一连,659001100,北泉镇,659001,石河子市,6590,自治区直辖县级行政区划
543,220,双泉集二连,659001100,北泉镇,659001,石河子市,6590,自治区直辖县级行政区划
544,220,双泉集四连,659001100,北泉镇,659001,石河子市,6590,自治区直辖县级行政区划
545,220,双泉集五连,659001100,北泉镇,659001,石河子市,6590,自治区直辖县级行政区划
546,220,双泉集六连,659001100,北泉镇,659001,石河子市,6590,自治区直辖县级行政区划
547,220,泉水地社区村委会,659001100,北泉镇,659001,石河子市,6590,自治区直辖县级行政区划
548,220,泉水地二连,659001100,北泉镇,659001,石河子市,6590,自治区直辖县级行政区划
549,220,泉水地三连,659001100,北泉镇,659001,石河子市,6590,自治区直辖县级行政区划
550,220,泉水地四连,659001100,北泉镇,659001,石河子市,6590,自治区直辖县级行政区划
551,220,泉水地五连,659001100,北泉镇,659001,石河子市,6590,自治区直辖县级行政区划
552,220,泉水地六连,659001100,北泉镇,659001,石河子市,6590,自治区直辖县级行政区划
553,220,泉水地七连,659001100,北泉镇,659001,石河子市,6590,自治区直辖县级行政区划
554,220,泉水地八连,659001100,北泉镇,659001,石河子市,6590,自治区直辖县级行政区划
555,220,泉水地九连,659001100,北泉镇,659001,石河子市,6590,自治区直辖县级行政区划
556,220,朱家庄社区村委会,659001100,北泉镇,659001,石河子市,6590,自治区直辖县级行政区划
557,220,朱家庄一连,659001100,北泉镇,659001,石河子市,6590,自治区直辖县级行政区划
558,220,朱家庄二连,659001100,北泉镇,659001,石河子市,6590,自治区直辖县级行政区划
559,220,朱家庄四连,659001100,北泉镇,659001,石河子市,6590,自治区直辖县级行政区划
560,220,朱家庄五连,659001100,北泉镇,659001,石河子市,6590,自治区直辖县级行政区划
561,220,朱家庄六连,659001100,北泉镇,659001,石河子市,6590,自治区直辖县级行政区划
562,220,朱家庄七连,659001100,北泉镇,659001,石河子市,6590,自治区直辖县级行政区划
563,220,朱家庄八连,659001100,北泉镇,659001,石河子市,6590,自治区直辖县级行政区划
564,220,朱家庄九连,659001100,北泉镇,659001,石河子市,6590,自治区直辖县级行政区划
565,220,朱家庄十二连,659001100,北泉镇,659001,石河子市,6590,自治区直辖县级行政区划
566,112,畜牧公司村委会,659001100,北泉镇,659001,石河子市,6590,自治区直辖县级行政区划
567,112,石大实验场村委会,659001100,北泉镇,659001,石河子市,6590,自治区直辖县级行政区划
568,220,石河子总场双泉集七连,659001100,北泉镇,659001,石河子市,6590,自治区直辖县级行政区划
569,111,四十小区社区居委会,659001005,东城街道办事处,659001,石河子市,6590,自治区直辖县级行政区划
570,111,五十六小区社区居委会,659001005,东城街道办事处,659001,石河子市,6590,自治区直辖县级行政区划
571,111,六十三小区社区居委会,659001005,东城街道办事处,659001,石河子市,6590,自治区直辖县级行政区划
572,111,四十八小区社区居委会,659001005,东城街道办事处,659001,石河子市,6590,自治区直辖县级行政区划
573,111,七十八小区社区居委会,659001005,东城街道办事处,659001,石河子市,6590,自治区直辖县级行政区划
574,111,明珠社区居委会,659001005,东城街道办事处,659001,石河子市,6590,自治区直辖县级行政区划
575,111,三十九小区社区居委会,659001005,东城街道办事处,659001,石河子市,6590,自治区直辖县级行政区划
576,111,四十一小区社区居委会,659001005,东城街道办事处,659001,石河子市,6590,自治区直辖县级行政区划
577,111,凤凰嘉苑社区居委会,659001005,东城街道办事处,659001,石河子市,6590,自治区直辖县级行政区划
578,111,河畔村委会,659001005,东城街道办事处,659001,石河子市,6590,自治区直辖县级行政区划
579,111,上六宫村委会,659001005,东城街道办事处,659001,石河子市,6590,自治区直辖县级行政区划
580,111,五小区第一社区居委会,659001004,老街街道办事处,659001,石河子市,6590,自治区直辖县级行政区划
581,111,五小区第二社区居委会,659001004,老街街道办事处,659001,石河子市,6590,自治区直辖县级行政区划
582,111,五小区第三社区居委会,659001004,老街街道办事处,659001,石河子市,6590,自治区直辖县级行政区划
583,111,六小区第一社区居委会,659001004,老街街道办事处,659001,石河子市,6590,自治区直辖县级行政区划
584,111,六小区第二社区居委会,659001004,老街街道办事处,659001,石河子市,6590,自治区直辖县级行政区划
585,111,六小区第三社区居委会,659001004,老街街道办事处,659001,石河子市,6590,自治区直辖县级行政区划
586,111,十一小区第一社区居委会,659001004,老街街道办事处,659001,石河子市,6590,自治区直辖县级行政区划
587,111,十一小区第二社区居委会,659001004,老街街道办事处,659001,石河子市,6590,自治区直辖县级行政区划
588,111,十三小区社区居委会,659001004,老街街道办事处,659001,石河子市,6590,自治区直辖县级行政区划
589,111,十二小区社区第一居委会,659001004,老街街道办事处,659001,石河子市,6590,自治区直辖县级行政区划
590,111,十二小区社区第二居委会,659001004,老街街道办事处,659001,石河子市,6590,自治区直辖县级行政区划
591,111,望月坪社区居委会,659001004,老街街道办事处,659001,石河子市,6590,自治区直辖县级行政区划
592,111,龙泉社区,659001004,老街街道办事处,659001,石河子市,6590,自治区直辖县级行政区划
593,111,小白杨社区,659001004,老街街道办事处,659001,石河子市,6590,自治区直辖县级行政区划
594,111,三小区社区居委会,659001003,红山街道办事处,659001,石河子市,6590,自治区直辖县级行政区划
595,111,二十四小区社区居委会,659001003,红山街道办事处,659001,石河子市,6590,自治区直辖县级行政区划
596,111,二十五小区社区居委会,659001003,红山街道办事处,659001,石河子市,6590,自治区直辖县级行政区划
597,112,二十七小区社区居委会,659001003,红山街道办事处,659001,石河子市,6590,自治区直辖县级行政区划
598,111,三十二小区社区居委会,659001003,红山街道办事处,659001,石河子市,6590,自治区直辖县级行政区划
599,111,三十三小区社区居委会,659001003,红山街道办事处,659001,石河子市,6590,自治区直辖县级行政区划
600,111,三十四小区社区居委会,659001003,红山街道办事处,659001,石河子市,6590,自治区直辖县级行政区划
601,111,四十二小区社区居委会,659001003,红山街道办事处,659001,石河子市,6590,自治区直辖县级行政区划
602,112,火车站小区社区居委会,659001003,红山街道办事处,659001,石河子市,6590,自治区直辖县级行政区划
603,112,四小区社区居委会,659001003,红山街道办事处,659001,石河子市,6590,自治区直辖县级行政区划
604,111,一小区社区居委会,659001002,向阳街道办事处,659001,石河子市,6590,自治区直辖县级行政区划
605,111,二十小区社区居委会,659001002,向阳街道办事处,659001,石河子市,6590,自治区直辖县级行政区划
606,111,二十一小区社区居委会,659001002,向阳街道办事处,659001,石河子市,6590,自治区直辖县级行政区划
607,111,二十二小区第一社区居委会,659001002,向阳街道办事处,659001,石河子市,6590,自治区直辖县级行政区划
608,111,二十二小区第二社区居委会,659001002,向阳街道办事处,659001,石河子市,6590,自治区直辖县级行政区划
609,111,二十三小区社区居委会,659001002,向阳街道办事处,659001,石河子市,6590,自治区直辖县级行政区划
610,111,二十九小区社区居委会,659001002,向阳街道办事处,659001,石河子市,6590,自治区直辖县级行政区划
611,111,三十一小区社区居委会,659001002,向阳街道办事处,659001,石河子市,6590,自治区直辖县级行政区划
612,111,北子午路社区,659001002,向阳街道办事处,659001,石河子市,6590,自治区直辖县级行政区划
613,111,龙岩社区,659001002,向阳街道办事处,659001,石河子市,6590,自治区直辖县级行政区划
614,111,七小区社区居委会,659001001,新城街道办事处,659001,石河子市,6590,自治区直辖县级行政区划
615,111,八小区第一社区居委会,659001001,新城街道办事处,659001,石河子市,6590,自治区直辖县级行政区划
616,111,八小区第二社区居委会,659001001,新城街道办事处,659001,石河子市,6590,自治区直辖县级行政区划
617,111,十四小区社区居委会,659001001,新城街道办事处,659001,石河子市,6590,自治区直辖县级行政区划
618,111,十五小区社区居委会,659001001,新城街道办事处,659001,石河子市,6590,自治区直辖县级行政区划
619,111,十六小区社区居委会,659001001,新城街道办事处,659001,石河子市,6590,自治区直辖县级行政区划
620,111,十七小区社区居委会,659001001,新城街道办事处,659001,石河子市,6590,自治区直辖县级行政区划
621,111,工二三小区社区居委会,659001001,新城街道办事处,659001,石河子市,6590,自治区直辖县级行政区划
622,111,西公园小区社区居委会,659001001,新城街道办事处,659001,石河子市,6590,自治区直辖县级行政区划
623,123,南山石场社区,659001001,新城街道办事处,659001,石河子市,6590,自治区直辖县级行政区划
624,123,南山煤矿社区,659001001,新城街道办事处,659001,石河子市,6590,自治区直辖县级行政区划
625,112,材料厂社区,659001001,新城街道办事处,659001,石河子市,6590,自治区直辖县级行政区划
626,123,一八六团团部,654326500,兵团一八六团,654326,吉木乃县,6543,阿勒泰地区
627,123,一八六团一连,654326500,兵团一八六团,654326,吉木乃县,6543,阿勒泰地区
628,220,一八六团二连,654326500,兵团一八六团,654326,吉木乃县,6543,阿勒泰地区
629,220,一八六团三连,654326500,兵团一八六团,654326,吉木乃县,6543,阿勒泰地区
630,220,一八六团四连,654326500,兵团一八六团,654326,吉木乃县,6543,阿勒泰地区
631,123,一八六团五连,654326500,兵团一八六团,654326,吉木乃县,6543,阿勒泰地区
632,220,一八六团六连,654326500,兵团一八六团,654326,吉木乃县,6543,阿勒泰地区
633,210,奥夏尔拜村委会,654326204,别斯铁热克乡,654326,吉木乃县,6543,阿勒泰地区
634,220,库早齐村委会,654326204,别斯铁热克乡,654326,吉木乃县,6543,阿勒泰地区
635,220,萨尔阿根村委会,654326204,别斯铁热克乡,654326,吉木乃县,6543,阿勒泰地区
636,220,加勒格孜喀拉尕依村委会,654326204,别斯铁热克乡,654326,吉木乃县,6543,阿勒泰地区
637,220,达冷海齐村委会,654326202,恰勒什海乡,654326,吉木乃县,6543,阿勒泰地区
638,210,阿克木尔扎村委会,654326202,恰勒什海乡,654326,吉木乃县,6543,阿勒泰地区
639,220,库尔加村委会,654326202,恰勒什海乡,654326,吉木乃县,6543,阿勒泰地区
640,220,章阿托干村委会,654326201,托斯特乡,654326,吉木乃县,6543,阿勒泰地区
641,220,塔斯特村委会,654326201,托斯特乡,654326,吉木乃县,6543,阿勒泰地区
642,210,托斯特村委会,654326201,托斯特乡,654326,吉木乃县,6543,阿勒泰地区
643,220,巴扎尔胡勒村委会,654326201,托斯特乡,654326,吉木乃县,6543,阿勒泰地区
644,220,阔依塔斯村委会,654326201,托斯特乡,654326,吉木乃县,6543,阿勒泰地区
645,220,喀拉乔克村委会,654326201,托斯特乡,654326,吉木乃县,6543,阿勒泰地区
646,220,阿克阔勒吐克村委会,654326201,托斯特乡,654326,吉木乃县,6543,阿勒泰地区
647,220,森塔斯村委会,654326201,托斯特乡,654326,吉木乃县,6543,阿勒泰地区
648,220,强德珠尔特村委会,654326103,乌拉斯特镇,654326,吉木乃县,6543,阿勒泰地区
649,220,萨尔塔木村委会,654326103,乌拉斯特镇,654326,吉木乃县,6543,阿勒泰地区
650,220,阔克托干木村委会,654326103,乌拉斯特镇,654326,吉木乃县,6543,阿勒泰地区
651,220,喀拉苏村委会,654326103,乌拉斯特镇,654326,吉木乃县,6543,阿勒泰地区
652,220,阿尔恰勒村委会,654326103,乌拉斯特镇,654326,吉木乃县,6543,阿勒泰地区
653,121,播尔克塔勒村委会,654326103,乌拉斯特镇,654326,吉木乃县,6543,阿勒泰地区
654,220,巴依古西克村委会,654326103,乌拉斯特镇,654326,吉木乃县,6543,阿勒泰地区
655,220,阔克舍木村委会,654326103,乌拉斯特镇,654326,吉木乃县,6543,阿勒泰地区
656,220,巴特巴克布拉克村委会,654326103,乌拉斯特镇,654326,吉木乃县,6543,阿勒泰地区
657,220,阿克加尔村委会,654326103,乌拉斯特镇,654326,吉木乃县,6543,阿勒泰地区
658,220,克孜勒加尔村委会,654326103,乌拉斯特镇,654326,吉木乃县,6543,阿勒泰地区
659,220,齐阔尔加村委会,654326103,乌拉斯特镇,654326,吉木乃县,6543,阿勒泰地区
660,220,吐尕力阿尕什村委会,654326103,乌拉斯特镇,654326,吉木乃县,6543,阿勒泰地区
661,220,乌拉斯特村委会,654326103,乌拉斯特镇,654326,吉木乃县,6543,阿勒泰地区
662,121,喀尔交村委会,654326102,喀尔交镇,654326,吉木乃县,6543,阿勒泰地区
663,220,喀拉吉拉村委会,654326102,喀尔交镇,654326,吉木乃县,6543,阿勒泰地区
664,220,萨尔布拉克村委会,654326102,喀尔交镇,654326,吉木乃县,6543,阿勒泰地区
665,220,阔克阔拉村委会,654326102,喀尔交镇,654326,吉木乃县,6543,阿勒泰地区
666,220,布尔合斯太村委会,654326102,喀尔交镇,654326,吉木乃县,6543,阿勒泰地区
667,220,克孜勒阔拉村委会,654326102,喀尔交镇,654326,吉木乃县,6543,阿勒泰地区
668,220,萨帕克村委会,654326102,喀尔交镇,654326,吉木乃县,6543,阿勒泰地区
669,121,别勒阿热克村委会,654326101,吉木乃镇,654326,吉木乃县,6543,阿勒泰地区
670,220,夏尔合特村委会,654326101,吉木乃镇,654326,吉木乃县,6543,阿勒泰地区
671,220,萨尔乌楞村委会,654326101,吉木乃镇,654326,吉木乃县,6543,阿勒泰地区
672,220,托盘村委会,654326101,吉木乃镇,654326,吉木乃县,6543,阿勒泰地区
673,220,克孜勒阿德尔村委会,654326101,吉木乃镇,654326,吉木乃县,6543,阿勒泰地区
674,121,文明路居委会,654326100,托普铁热克镇,654326,吉木乃县,6543,阿勒泰地区
675,121,建设路居委会,654326100,托普铁热克镇,654326,吉木乃县,6543,阿勒泰地区
676,121,团结路居委会,654326100,托普铁热克镇,654326,吉木乃县,6543,阿勒泰地区
677,121,人民路居委会,654326100,托普铁热克镇,654326,吉木乃县,6543,阿勒泰地区
678,121,萨吾尔社区居委会,654326100,托普铁热克镇,654326,吉木乃县,6543,阿勒泰地区
679,220,阿尕什敖包村委会,654325204,阿尕什敖包乡,654325,青河县,6543,阿勒泰地区
680,210,库伦托别村委会,654325204,阿尕什敖包乡,654325,青河县,6543,阿勒泰地区
681,220,加热克努尔村委会,654325204,阿尕什敖包乡,654325,青河县,6543,阿勒泰地区
682,220,唐巴玉孜尔村委会,654325204,阿尕什敖包乡,654325,青河县,6543,阿勒泰地区
683,220,库木喀仁村委会,654325204,阿尕什敖包乡,654325,青河县,6543,阿勒泰地区
684,220,夏尔克塔斯村委会,654325204,阿尕什敖包乡,654325,青河县,6543,阿勒泰地区
685,220,阿克加尔村委会,654325204,阿尕什敖包乡,654325,青河县,6543,阿勒泰地区
686,220,加勒特尔塔斯村委会,654325203,查干郭勒乡,654325,青河县,6543,阿勒泰地区
687,210,科克玉依村委会,654325203,查干郭勒乡,654325,青河县,6543,阿勒泰地区
688,220,博塔莫音村委会,654325203,查干郭勒乡,654325,青河县,6543,阿勒泰地区
689,220,江布塔斯村委会,654325203,查干郭勒乡,654325,青河县,6543,阿勒泰地区
690,220,沙尔布拉克村委会,654325203,查干郭勒乡,654325,青河县,6543,阿勒泰地区
691,220,克孜勒萨依村委会,654325203,查干郭勒乡,654325,青河县,6543,阿勒泰地区
692,220,萨尔托海村委会,654325202,萨尔托海乡,654325,青河县,6543,阿勒泰地区
693,220,喀拉乔拉村委会,654325202,萨尔托海乡,654325,青河县,6543,阿勒泰地区
694,220,克孜勒玉永克村委会,654325202,萨尔托海乡,654325,青河县,6543,阿勒泰地区
695,220,萨尔喀仁村委会,654325202,萨尔托海乡,654325,青河县,6543,阿勒泰地区
696,210,玉依塔斯村委会,654325202,萨尔托海乡,654325,青河县,6543,阿勒泰地区
697,220,别斯铁热克村委会,654325202,萨尔托海乡,654325,青河县,6543,阿勒泰地区
698,220,乔夏村委会,654325200,阿热勒乡,654325,青河县,6543,阿勒泰地区
699,220,呼尔森村委会,654325200,阿热勒乡,654325,青河县,6543,阿勒泰地区
700,220,库尔迭宁村委会,654325200,阿热勒乡,654325,青河县,6543,阿勒泰地区
701,220,塔拉特村委会,654325200,阿热勒乡,654325,青河县,6543,阿勒泰地区
702,220,阔布村委会,654325200,阿热勒乡,654325,青河县,6543,阿勒泰地区
703,220,布鲁克村委会,654325200,阿热勒乡,654325,青河县,6543,阿勒泰地区
704,220,拉斯特村委会,654325200,阿热勒乡,654325,青河县,6543,阿勒泰地区
705,220,杜尔根村委会,654325200,阿热勒乡,654325,青河县,6543,阿勒泰地区
706,220,喀让格托海村委会,654325200,阿热勒乡,654325,青河县,6543,阿勒泰地区
707,220,肯莫依纳克村委会,654325200,阿热勒乡,654325,青河县,6543,阿勒泰地区
708,220,冬特村委会,654325200,阿热勒乡,654325,青河县,6543,阿勒泰地区
709,220,达巴特村委会,654325200,阿热勒乡,654325,青河县,6543,阿勒泰地区
710,220,布河坝村委会,654325200,阿热勒乡,654325,青河县,6543,阿勒泰地区
711,210,塔斯托别村委会,654325200,阿热勒乡,654325,青河县,6543,阿勒泰地区
712,220,克孜勒萨依村委会,654325102,阿热勒托别镇,654325,青河县,6543,阿勒泰地区
713,220,克孜勒希力克村委会,654325102,阿热勒托别镇,654325,青河县,6543,阿勒泰地区
714,220,煤矿村委会,654325102,阿热勒托别镇,654325,青河县,6543,阿勒泰地区
715,220,科克托别村委会,654325102,阿热勒托别镇,654325,青河县,6543,阿勒泰地区
716,220,阿亚克阿克哈仁村委会,654325102,阿热勒托别镇,654325,青河县,6543,阿勒泰地区
717,220,阔斯阿热勒村委会,654325102,阿热勒托别镇,654325,青河县,6543,阿勒泰地区
718,220,喀拉尕什村委会,654325102,阿热勒托别镇,654325,青河县,6543,阿勒泰地区
719,121,科克塔斯村委会,654325102,阿热勒托别镇,654325,青河县,6543,阿勒泰地区
720,220,沃巴特村委会,654325102,阿热勒托别镇,654325,青河县,6543,阿勒泰地区
721,220,巴斯克阿克哈仁村委会,654325102,阿热勒托别镇,654325,青河县,6543,阿勒泰地区
722,220,乔什喀吐别克村委会,654325102,阿热勒托别镇,654325,青河县,6543,阿勒泰地区
723,220,喀拉沃楞村委会,654325102,阿热勒托别镇,654325,青河县,6543,阿勒泰地区
724,220,喀依尔根村委会,654325102,阿热勒托别镇,654325,青河县,6543,阿勒泰地区
725,121,友好路居委会,654325101,塔克什肯镇,654325,青河县,6543,阿勒泰地区
726,121,迎宾路居委会,654325101,塔克什肯镇,654325,青河县,6543,阿勒泰地区
727,220,萨尔布拉克村委会,654325101,塔克什肯镇,654325,青河县,6543,阿勒泰地区
728,220,依希根村委会,654325101,塔克什肯镇,654325,青河县,6543,阿勒泰地区
729,220,阿克喀仁村委会,654325101,塔克什肯镇,654325,青河县,6543,阿勒泰地区
730,220,蒙其克村委会,654325101,塔克什肯镇,654325,青河县,6543,阿勒泰地区
731,121,团结东路居委会,654325100,青河镇,654325,青河县,6543,阿勒泰地区
732,121,文化南路居委会,654325100,青河镇,654325,青河县,6543,阿勒泰地区
733,121,友好南路居委会,654325100,青河镇,654325,青河县,6543,阿勒泰地区
734,121,文化北路居委会,654325100,青河镇,654325,青河县,6543,阿勒泰地区
735,121,民主北路居委会,654325100,青河镇,654325,青河县,6543,阿勒泰地区
736,122,阿克朗克村委会,654325100,青河镇,654325,青河县,6543,阿勒泰地区
737,122,菜队村委会,654325100,青河镇,654325,青河县,6543,阿勒泰地区
738,123,团部,654324500,兵团一八五团,654324,哈巴河县,6543,阿勒泰地区
739,220,一连,654324500,兵团一八五团,654324,哈巴河县,6543,阿勒泰地区
740,220,二连,654324500,兵团一八五团,654324,哈巴河县,6543,阿勒泰地区
741,220,三连,654324500,兵团一八五团,654324,哈巴河县,6543,阿勒泰地区
742,220,四连,654324500,兵团一八五团,654324,哈巴河县,6543,阿勒泰地区
743,220,五连,654324500,兵团一八五团,654324,哈巴河县,6543,阿勒泰地区
744,220,六连,654324500,兵团一八五团,654324,哈巴河县,6543,阿勒泰地区
745,220,七连,654324500,兵团一八五团,654324,哈巴河县,6543,阿勒泰地区
746,220,八连,654324500,兵团一八五团,654324,哈巴河县,6543,阿勒泰地区
747,220,九连,654324500,兵团一八五团,654324,哈巴河县,6543,阿勒泰地区
748,220,十连,654324500,兵团一八五团,654324,哈巴河县,6543,阿勒泰地区
749,123,十一连,654324500,兵团一八五团,654324,哈巴河县,6543,阿勒泰地区
750,210,铁热克提村委会,654324204,铁热克提乡,654324,哈巴河县,6543,阿勒泰地区
751,220,阿克哈巴南村委会,654324204,铁热克提乡,654324,哈巴河县,6543,阿勒泰地区
752,220,阿克哈巴北村委会,654324204,铁热克提乡,654324,哈巴河县,6543,阿勒泰地区
753,220,齐巴尔希力克村委会,654324204,铁热克提乡,654324,哈巴河县,6543,阿勒泰地区
754,220,阿克布拉克村委会,654324204,铁热克提乡,654324,哈巴河县,6543,阿勒泰地区
755,210,库勒拜村委会,654324202,库勒拜乡,654324,哈巴河县,6543,阿勒泰地区
756,220,姜居勒克村委会,654324202,库勒拜乡,654324,哈巴河县,6543,阿勒泰地区
757,220,萨尔塔克太村委会,654324202,库勒拜乡,654324,哈巴河县,6543,阿勒泰地区
758,220,库勒拜喀拉阔布村委会,654324202,库勒拜乡,654324,哈巴河县,6543,阿勒泰地区
759,220,巴勒塔村委会,654324202,库勒拜乡,654324,哈巴河县,6543,阿勒泰地区
760,220,喀拉希力克村委会,654324202,库勒拜乡,654324,哈巴河县,6543,阿勒泰地区
761,220,塔斯喀拉村委会,654324202,库勒拜乡,654324,哈巴河县,6543,阿勒泰地区
762,220,喀尔乌特克勒村委会,654324202,库勒拜乡,654324,哈巴河县,6543,阿勒泰地区
763,220,喀英德阿热勒村委会,654324202,库勒拜乡,654324,哈巴河县,6543,阿勒泰地区
764,220,阿克加尔村委会,654324202,库勒拜乡,654324,哈巴河县,6543,阿勒泰地区
765,220,库勒拜阔斯阿热勒村委会,654324202,库勒拜乡,654324,哈巴河县,6543,阿勒泰地区
766,220,库勒拜阿克齐村委会,654324202,库勒拜乡,654324,哈巴河县,6543,阿勒泰地区
767,220,喀拉布拉克村委会,654324202,库勒拜乡,654324,哈巴河县,6543,阿勒泰地区
768,220,铁热克提胡拉克村委会,654324202,库勒拜乡,654324,哈巴河县,6543,阿勒泰地区
769,220,吾什托别村委会,654324202,库勒拜乡,654324,哈巴河县,6543,阿勒泰地区
770,220,托喀勒别依特村委会,654324202,库勒拜乡,654324,哈巴河县,6543,阿勒泰地区
771,220,萨尔沃依村委会,654324202,库勒拜乡,654324,哈巴河县,6543,阿勒泰地区
772,220,均塔斯塔克村委会,654324202,库勒拜乡,654324,哈巴河县,6543,阿勒泰地区
773,220,萨尔合亚克村委会,654324202,库勒拜乡,654324,哈巴河县,6543,阿勒泰地区
774,210,那勒村委会,654324202,库勒拜乡,654324,哈巴河县,6543,阿勒泰地区
775,220,齐巴尔喀拉塔斯村委会,654324202,库勒拜乡,654324,哈巴河县,6543,阿勒泰地区
776,220,阿勒尕村委会,654324202,库勒拜乡,654324,哈巴河县,6543,阿勒泰地区
777,220,别斯库都克村委会,654324202,库勒拜乡,654324,哈巴河县,6543,阿勒泰地区
778,220,阿克阿热勒村委会,654324202,库勒拜乡,654324,哈巴河县,6543,阿勒泰地区
779,220,喀拉乌泽克村委会,654324202,库勒拜乡,654324,哈巴河县,6543,阿勒泰地区
780,220,四十一公里村委会,654324202,库勒拜乡,654324,哈巴河县,6543,阿勒泰地区
781,210,加依勒玛村委会,654324201,加依勒玛乡,654324,哈巴河县,6543,阿勒泰地区
782,210,巴特斯加依勒玛村委会,654324201,加依勒玛乡,654324,哈巴河县,6543,阿勒泰地区
783,220,玛依沙斛村委会,654324201,加依勒玛乡,654324,哈巴河县,6543,阿勒泰地区
784,220,阿克托别村委会,654324201,加依勒玛乡,654324,哈巴河县,6543,阿勒泰地区
785,220,切格斯加依勒玛村委会,654324201,加依勒玛乡,654324,哈巴河县,6543,阿勒泰地区
786,220,玉什库木村委会,654324201,加依勒玛乡,654324,哈巴河县,6543,阿勒泰地区
787,220,加依勒玛却限村委会,654324201,加依勒玛乡,654324,哈巴河县,6543,阿勒泰地区
788,220,克勒迭能村委会,654324201,加依勒玛乡,654324,哈巴河县,6543,阿勒泰地区
789,220,萨尔乎拉特村委会,654324201,加依勒玛乡,654324,哈巴河县,6543,阿勒泰地区
790,220,沃尔塔喀布尔尕塔勒村委会,654324201,加依勒玛乡,654324,哈巴河县,6543,阿勒泰地区
791,220,克尔达拉村委会,654324201,加依勒玛乡,654324,哈巴河县,6543,阿勒泰地区
792,220,博旦拜村委会,654324201,加依勒玛乡,654324,哈巴河县,6543,阿勒泰地区
793,220,喀拉阿尕什村委会,654324201,加依勒玛乡,654324,哈巴河县,6543,阿勒泰地区
794,220,托普阿尕什村委会,654324201,加依勒玛乡,654324,哈巴河县,6543,阿勒泰地区
795,220,阔克萨孜村委会,654324201,加依勒玛乡,654324,哈巴河县,6543,阿勒泰地区
796,220,阿克墩村委会,654324201,加依勒玛乡,654324,哈巴河县,6543,阿勒泰地区
797,220,塔木齐村委会,654324201,加依勒玛乡,654324,哈巴河县,6543,阿勒泰地区
798,220,喀拉铁热克村委会,654324201,加依勒玛乡,654324,哈巴河县,6543,阿勒泰地区
799,220,齐巴尔村委会,654324201,加依勒玛乡,654324,哈巴河县,6543,阿勒泰地区
800,220,萨亚铁热克村委会,654324201,加依勒玛乡,654324,哈巴河县,6543,阿勒泰地区
801,220,提尔明塔斯村委会,654324201,加依勒玛乡,654324,哈巴河县,6543,阿勒泰地区
802,220,齐巴尔玛依沙斛村委会,654324201,加依勒玛乡,654324,哈巴河县,6543,阿勒泰地区
803,220,塔勒德村委会,654324201,加依勒玛乡,654324,哈巴河县,6543,阿勒泰地区
804,210,萨尔塔木村委会,654324200,萨尔塔木乡,654324,哈巴河县,6543,阿勒泰地区
805,220,萨尔塔木阿克托别村委会,654324200,萨尔塔木乡,654324,哈巴河县,6543,阿勒泰地区
806,220,阔什喀尔拜村委会,654324200,萨尔塔木乡,654324,哈巴河县,6543,阿勒泰地区
807,220,什坎齐村委会,654324200,萨尔塔木乡,654324,哈巴河县,6543,阿勒泰地区
808,220,库尔米希村委会,654324200,萨尔塔木乡,654324,哈巴河县,6543,阿勒泰地区
809,220,金巴村委会,654324200,萨尔塔木乡,654324,哈巴河县,6543,阿勒泰地区
810,220,布孜塔勒村委会,654324200,萨尔塔木乡,654324,哈巴河县,6543,阿勒泰地区
811,220,铁克吐尔玛斯村委会,654324200,萨尔塔木乡,654324,哈巴河县,6543,阿勒泰地区
812,220,克依克拜村委会,654324200,萨尔塔木乡,654324,哈巴河县,6543,阿勒泰地区
813,220,喀拉奥依村委会,654324200,萨尔塔木乡,654324,哈巴河县,6543,阿勒泰地区
814,220,却限村委会,654324200,萨尔塔木乡,654324,哈巴河县,6543,阿勒泰地区
815,220,萨尔乌楞村委会,654324200,萨尔塔木乡,654324,哈巴河县,6543,阿勒泰地区
816,220,阔尔合热玛村委会,654324200,萨尔塔木乡,654324,哈巴河县,6543,阿勒泰地区
817,220,塔依萦依干村委会,654324200,萨尔塔木乡,654324,哈巴河县,6543,阿勒泰地区
818,220,喀布尔喀塔勒村委会,654324200,萨尔塔木乡,654324,哈巴河县,6543,阿勒泰地区
819,220,马胡村委会,654324200,萨尔塔木乡,654324,哈巴河县,6543,阿勒泰地区
820,220,马迪村委会,654324200,萨尔塔木乡,654324,哈巴河县,6543,阿勒泰地区
821,220,萨尔塔木克孜勒喀克村委会,654324200,萨尔塔木乡,654324,哈巴河县,6543,阿勒泰地区
822,220,阔克塔斯村委会,654324200,萨尔塔木乡,654324,哈巴河县,6543,阿勒泰地区
823,220,吾尔达拜村委会,654324200,萨尔塔木乡,654324,哈巴河县,6543,阿勒泰地区
824,220,阔克吐木苏克村委会,654324200,萨尔塔木乡,654324,哈巴河县,6543,阿勒泰地区
825,220,塔斯乌特克勒村委会,654324200,萨尔塔木乡,654324,哈巴河县,6543,阿勒泰地区
826,220,姜阿乌增村委会,654324102,齐巴尔镇,654324,哈巴河县,6543,阿勒泰地区
827,220,阔克苏村委会,654324102,齐巴尔镇,654324,哈巴河县,6543,阿勒泰地区
828,220,阿依达尔乌英克村委会,654324102,齐巴尔镇,654324,哈巴河县,6543,阿勒泰地区
829,121,艾林阿克齐村委会,654324102,齐巴尔镇,654324,哈巴河县,6543,阿勒泰地区
830,220,喀拉塔勒村委会,654324102,齐巴尔镇,654324,哈巴河县,6543,阿勒泰地区
831,220,拜乔拉克村委会,654324102,齐巴尔镇,654324,哈巴河县,6543,阿勒泰地区
832,220,克孜勒加尔村委会,654324102,齐巴尔镇,654324,哈巴河县,6543,阿勒泰地区
833,220,齐巴尔克孜勒喀英村委会,654324102,齐巴尔镇,654324,哈巴河县,6543,阿勒泰地区
834,220,塔勒德村委会,654324102,齐巴尔镇,654324,哈巴河县,6543,阿勒泰地区
835,220,阔斯阿热勒村委会,654324102,齐巴尔镇,654324,哈巴河县,6543,阿勒泰地区
836,220,克孜勒喀英村委会,654324102,齐巴尔镇,654324,哈巴河县,6543,阿勒泰地区
837,220,希托别克村委会,654324102,齐巴尔镇,654324,哈巴河县,6543,阿勒泰地区
838,220,萨尔布拉克村委会,654324101,萨尔布拉克镇,654324,哈巴河县,6543,阿勒泰地区
839,220,喀拉阔布村委会,654324101,萨尔布拉克镇,654324,哈巴河县,6543,阿勒泰地区
840,220,吐勒克勒村委会,654324101,萨尔布拉克镇,654324,哈巴河县,6543,阿勒泰地区
841,220,阔斯阿尕什村委会,654324101,萨尔布拉克镇,654324,哈巴河县,6543,阿勒泰地区
842,220,托布勒格吐别克村委会,654324101,萨尔布拉克镇,654324,哈巴河县,6543,阿勒泰地区
843,220,阔克塔斯村委会,654324101,萨尔布拉克镇,654324,哈巴河县,6543,阿勒泰地区
844,220,别列则克村委会,654324101,萨尔布拉克镇,654324,哈巴河县,6543,阿勒泰地区
845,220,科克托海村委会,654324101,萨尔布拉克镇,654324,哈巴河县,6543,阿勒泰地区
846,220,加郎阿什村委会,654324101,萨尔布拉克镇,654324,哈巴河县,6543,阿勒泰地区
847,220,玉什阿夏村委会,654324101,萨尔布拉克镇,654324,哈巴河县,6543,阿勒泰地区
848,220,喀拉翁格尔村委会,654324101,萨尔布拉克镇,654324,哈巴河县,6543,阿勒泰地区
849,220,阔克阿尕什村委会,654324101,萨尔布拉克镇,654324,哈巴河县,6543,阿勒泰地区
850,220,克孜勒喀克村委会,654324101,萨尔布拉克镇,654324,哈巴河县,6543,阿勒泰地区
851,220,喀拉加勒村委会,654324101,萨尔布拉克镇,654324,哈巴河县,6543,阿勒泰地区
852,220,加勒格孜阿尕什村委会,654324101,萨尔布拉克镇,654324,哈巴河县,6543,阿勒泰地区
853,220,阿克塔木村委会,654324101,萨尔布拉克镇,654324,哈巴河县,6543,阿勒泰地区
854,121,塔依什拜村委会,654324101,萨尔布拉克镇,654324,哈巴河县,6543,阿勒泰地区
855,220,喀拉阿尕什村委会,654324101,萨尔布拉克镇,654324,哈巴河县,6543,阿勒泰地区
856,220,喀拉塔斯村委会,654324101,萨尔布拉克镇,654324,哈巴河县,6543,阿勒泰地区
857,220,克孜勒珠勒都孜村委会,654324101,萨尔布拉克镇,654324,哈巴河县,6543,阿勒泰地区
858,220,农科村委会,654324101,萨尔布拉克镇,654324,哈巴河县,6543,阿勒泰地区
859,220,阿勒喀别克村委会,654324101,萨尔布拉克镇,654324,哈巴河县,6543,阿勒泰地区
860,220,库勒拜吐勒克勒村委会,654324101,萨尔布拉克镇,654324,哈巴河县,6543,阿勒泰地区
861,220,阿萨村委会,654324101,萨尔布拉克镇,654324,哈巴河县,6543,阿勒泰地区
862,121,民主东路居委会,654324100,阿克齐镇,654324,哈巴河县,6543,阿勒泰地区
863,121,民主中路居委会,654324100,阿克齐镇,654324,哈巴河县,6543,阿勒泰地区
864,121,民主西路居委会,654324100,阿克齐镇,654324,哈巴河县,6543,阿勒泰地区
865,122,解放中路居委会,654324100,阿克齐镇,654324,哈巴河县,6543,阿勒泰地区
866,121,解放西路居委会,654324100,阿克齐镇,654324,哈巴河县,6543,阿勒泰地区
867,121,长白山居委会,654324100,阿克齐镇,654324,哈巴河县,6543,阿勒泰地区
868,121,建业东路居委会,654324100,阿克齐镇,654324,哈巴河县,6543,阿勒泰地区
869,122,阿克齐村委会,654324100,阿克齐镇,654324,哈巴河县,6543,阿勒泰地区
870,122,坎门尔村委会,654324100,阿克齐镇,654324,哈巴河县,6543,阿勒泰地区
871,123,团部,654323503,兵团一八八团,654323,福海县,6543,阿勒泰地区
872,220,一连,654323503,兵团一八八团,654323,福海县,6543,阿勒泰地区
873,220,二连,654323503,兵团一八八团,654323,福海县,6543,阿勒泰地区
874,220,三连,654323503,兵团一八八团,654323,福海县,6543,阿勒泰地区
875,220,四连,654323503,兵团一八八团,654323,福海县,6543,阿勒泰地区
876,220,五连,654323503,兵团一八八团,654323,福海县,6543,阿勒泰地区
877,220,六连,654323503,兵团一八八团,654323,福海县,6543,阿勒泰地区
878,220,七连,654323503,兵团一八八团,654323,福海县,6543,阿勒泰地区
879,220,八连,654323503,兵团一八八团,654323,福海县,6543,阿勒泰地区
880,220,九连,654323503,兵团一八八团,654323,福海县,6543,阿勒泰地区
881,220,十连,654323503,兵团一八八团,654323,福海县,6543,阿勒泰地区
882,220,十一连,654323503,兵团一八八团,654323,福海县,6543,阿勒泰地区
883,220,十二连,654323503,兵团一八八团,654323,福海县,6543,阿勒泰地区
884,220,十三连,654323503,兵团一八八团,654323,福海县,6543,阿勒泰地区
885,220,十四连,654323503,兵团一八八团,654323,福海县,6543,阿勒泰地区
886,220,十五连,654323503,兵团一八八团,654323,福海县,6543,阿勒泰地区
887,220,一八八水产一连,654323503,兵团一八八团,654323,福海县,6543,阿勒泰地区
888,220,一八八水产二连,654323503,兵团一八八团,654323,福海县,6543,阿勒泰地区
889,220,一八八水产三连,654323503,兵团一八八团,654323,福海县,6543,阿勒泰地区
890,220,一八八水产四连,654323503,兵团一八八团,654323,福海县,6543,阿勒泰地区
891,220,社区建设指导委员会,654323503,兵团一八八团,654323,福海县,6543,阿勒泰地区
892,123,团部,654323502,兵团一八七团,654323,福海县,6543,阿勒泰地区
893,220,一连,654323502,兵团一八七团,654323,福海县,6543,阿勒泰地区
894,220,二连,654323502,兵团一八七团,654323,福海县,6543,阿勒泰地区
895,220,三连,654323502,兵团一八七团,654323,福海县,6543,阿勒泰地区
896,123,四连,654323502,兵团一八七团,654323,福海县,6543,阿勒泰地区
897,220,五连,654323502,兵团一八七团,654323,福海县,6543,阿勒泰地区
898,220,六连,654323502,兵团一八七团,654323,福海县,6543,阿勒泰地区
899,220,七连,654323502,兵团一八七团,654323,福海县,6543,阿勒泰地区
900,220,八连,654323502,兵团一八七团,654323,福海县,6543,阿勒泰地区
901,220,九连,654323502,兵团一八七团,654323,福海县,6543,阿勒泰地区
902,220,十连,654323502,兵团一八七团,654323,福海县,6543,阿勒泰地区
903,220,十一连,654323502,兵团一八七团,654323,福海县,6543,阿勒泰地区
904,220,十二连,654323502,兵团一八七团,654323,福海县,6543,阿勒泰地区
905,220,十四连,654323502,兵团一八七团,654323,福海县,6543,阿勒泰地区
906,220,十五连,654323502,兵团一八七团,654323,福海县,6543,阿勒泰地区
907,220,十六连,654323502,兵团一八七团,654323,福海县,6543,阿勒泰地区
908,123,团部,654323501,兵团一八三团,654323,福海县,6543,阿勒泰地区
909,220,一连,654323501,兵团一八三团,654323,福海县,6543,阿勒泰地区
910,220,二连,654323501,兵团一八三团,654323,福海县,6543,阿勒泰地区
911,220,三连,654323501,兵团一八三团,654323,福海县,6543,阿勒泰地区
912,220,四连,654323501,兵团一八三团,654323,福海县,6543,阿勒泰地区
913,220,五连,654323501,兵团一八三团,654323,福海县,6543,阿勒泰地区
914,220,六连,654323501,兵团一八三团,654323,福海县,6543,阿勒泰地区
915,220,七连,654323501,兵团一八三团,654323,福海县,6543,阿勒泰地区
916,220,八连,654323501,兵团一八三团,654323,福海县,6543,阿勒泰地区
917,220,九连,654323501,兵团一八三团,654323,福海县,6543,阿勒泰地区
918,220,十连,654323501,兵团一八三团,654323,福海县,6543,阿勒泰地区
919,220,十一连,654323501,兵团一八三团,654323,福海县,6543,阿勒泰地区
920,220,十二连,654323501,兵团一八三团,654323,福海县,6543,阿勒泰地区
921,220,十三连,654323501,兵团一八三团,654323,福海县,6543,阿勒泰地区
922,220,十四连,654323501,兵团一八三团,654323,福海县,6543,阿勒泰地区
923,112,青河独立营一连,654323501,兵团一八三团,654323,福海县,6543,阿勒泰地区
924,220,青河独立营二连,654323501,兵团一八三团,654323,福海县,6543,阿勒泰地区
925,220,青河独立营三连,654323501,兵团一八三团,654323,福海县,6543,阿勒泰地区
926,220,种猪场,654323501,兵团一八三团,654323,福海县,6543,阿勒泰地区
927,220,东场社区工作站,654323501,兵团一八三团,654323,福海县,6543,阿勒泰地区
928,123,团部,654323500,兵团一八二团,654323,福海县,6543,阿勒泰地区
929,220,一连,654323500,兵团一八二团,654323,福海县,6543,阿勒泰地区
930,220,二连,654323500,兵团一八二团,654323,福海县,6543,阿勒泰地区
931,220,三连,654323500,兵团一八二团,654323,福海县,6543,阿勒泰地区
932,123,四连,654323500,兵团一八二团,654323,福海县,6543,阿勒泰地区
933,220,五连,654323500,兵团一八二团,654323,福海县,6543,阿勒泰地区
934,220,六连,654323500,兵团一八二团,654323,福海县,6543,阿勒泰地区
935,220,七连,654323500,兵团一八二团,654323,福海县,6543,阿勒泰地区
936,220,八连,654323500,兵团一八二团,654323,福海县,6543,阿勒泰地区
937,220,九连,654323500,兵团一八二团,654323,福海县,6543,阿勒泰地区
938,220,十连,654323500,兵团一八二团,654323,福海县,6543,阿勒泰地区
939,220,十一连,654323500,兵团一八二团,654323,福海县,6543,阿勒泰地区
940,220,十二连,654323500,兵团一八二团,654323,福海县,6543,阿勒泰地区
941,220,水产队,654323500,兵团一八二团,654323,福海县,6543,阿勒泰地区
942,123,园林队,654323500,兵团一八二团,654323,福海县,6543,阿勒泰地区
943,123,场部,654323401,福海监狱,654323,福海县,6543,阿勒泰地区
944,220,二中队,654323401,福海监狱,654323,福海县,6543,阿勒泰地区
945,220,三中队,654323401,福海监狱,654323,福海县,6543,阿勒泰地区
946,220,四中队,654323401,福海监狱,654323,福海县,6543,阿勒泰地区
947,220,职工管理中心社区,654323401,福海监狱,654323,福海县,6543,阿勒泰地区
948,123,场部,654323400,地区一农场,654323,福海县,6543,阿勒泰地区
949,220,一分场,654323400,地区一农场,654323,福海县,6543,阿勒泰地区
950,220,二分场,654323400,地区一农场,654323,福海县,6543,阿勒泰地区
951,220,三分场,654323400,地区一农场,654323,福海县,6543,阿勒泰地区
952,220,四分场,654323400,地区一农场,654323,福海县,6543,阿勒泰地区
953,123,六分场,654323400,地区一农场,654323,福海县,6543,阿勒泰地区
954,220,七分场,654323400,地区一农场,654323,福海县,6543,阿勒泰地区
955,220,干河子一村委会,654323204,阿尔达乡,654323,福海县,6543,阿勒泰地区
956,220,干河子二村委会,654323204,阿尔达乡,654323,福海县,6543,阿勒泰地区
957,220,干河子三村委会,654323204,阿尔达乡,654323,福海县,6543,阿勒泰地区
958,220,干河子四村委会,654323204,阿尔达乡,654323,福海县,6543,阿勒泰地区
959,210,阿尔达村委会,654323204,阿尔达乡,654323,福海县,6543,阿勒泰地区
960,220,阿克哲拉村委会,654323204,阿尔达乡,654323,福海县,6543,阿勒泰地区
961,210,加郎阿什村委会,654323202,齐干吉迭乡,654323,福海县,6543,阿勒泰地区
962,210,克孜勒乌英克村委会,654323202,齐干吉迭乡,654323,福海县,6543,阿勒泰地区
963,220,阿克阿热勒村委会,654323202,齐干吉迭乡,654323,福海县,6543,阿勒泰地区
964,220,博列克托别村委会,654323202,齐干吉迭乡,654323,福海县,6543,阿勒泰地区
965,220,齐干吉迭村委会,654323202,齐干吉迭乡,654323,福海县,6543,阿勒泰地区
966,210,赛克露村委会,654323202,齐干吉迭乡,654323,福海县,6543,阿勒泰地区
967,220,克孜勒克热什村委会,654323202,齐干吉迭乡,654323,福海县,6543,阿勒泰地区
968,220,阿斯涛夏村委会,654323202,齐干吉迭乡,654323,福海县,6543,阿勒泰地区
969,220,阔甫别尔根村委会,654323201,阔克阿尕什乡,654323,福海县,6543,阿勒泰地区
970,220,阿克乌提克村委会,654323201,阔克阿尕什乡,654323,福海县,6543,阿勒泰地区
971,210,萨尔哈木斯村委会,654323201,阔克阿尕什乡,654323,福海县,6543,阿勒泰地区
972,220,别斯克拜村委会,654323201,阔克阿尕什乡,654323,福海县,6543,阿勒泰地区
973,220,阔克阿尕什村委会,654323201,阔克阿尕什乡,654323,福海县,6543,阿勒泰地区
974,220,卓勒吐斯坎村委会,654323201,阔克阿尕什乡,654323,福海县,6543,阿勒泰地区
975,220,也斯克库木村委会,654323201,阔克阿尕什乡,654323,福海县,6543,阿勒泰地区
976,220,喀拉塔合尔村委会,654323201,阔克阿尕什乡,654323,福海县,6543,阿勒泰地区
977,220,阔普霍拉村委会,654323201,阔克阿尕什乡,654323,福海县,6543,阿勒泰地区
978,220,都孜根德村委会,654323201,阔克阿尕什乡,654323,福海县,6543,阿勒泰地区
979,220,齐巴尔窝依村委会,654323201,阔克阿尕什乡,654323,福海县,6543,阿勒泰地区
980,220,阔克卓尔尕村委会,654323201,阔克阿尕什乡,654323,福海县,6543,阿勒泰地区
981,220,布尔勒克村委会,654323201,阔克阿尕什乡,654323,福海县,6543,阿勒泰地区
982,220,齐勒喀仁村委会,654323201,阔克阿尕什乡,654323,福海县,6543,阿勒泰地区
983,220,灭什特村委会,654323102,解特阿热勒镇,654323,福海县,6543,阿勒泰地区
984,121,阔聂科买村委会,654323102,解特阿热勒镇,654323,福海县,6543,阿勒泰地区
985,220,京什开萨尔村委会,654323102,解特阿热勒镇,654323,福海县,6543,阿勒泰地区
986,220,阔克铁热克村委会,654323102,解特阿热勒镇,654323,福海县,6543,阿勒泰地区
987,220,桑孜拜阔克铁列克村委会,654323102,解特阿热勒镇,654323,福海县,6543,阿勒泰地区
988,220,喀拉毕村委会,654323102,解特阿热勒镇,654323,福海县,6543,阿勒泰地区
989,220,托夏勒乌依村委会,654323102,解特阿热勒镇,654323,福海县,6543,阿勒泰地区
990,220,林业村委会,654323102,解特阿热勒镇,654323,福海县,6543,阿勒泰地区
991,220,喀拉塔合尔村委会,654323102,解特阿热勒镇,654323,福海县,6543,阿勒泰地区
992,121,博孜塔勒村委会,654323102,解特阿热勒镇,654323,福海县,6543,阿勒泰地区
993,220,萨尔塔合塔依村委会,654323102,解特阿热勒镇,654323,福海县,6543,阿勒泰地区
994,220,阿勒尕村委会,654323102,解特阿热勒镇,654323,福海县,6543,阿勒泰地区
995,220,阿勒玛巴克村委会,654323102,解特阿热勒镇,654323,福海县,6543,阿勒泰地区
996,220,解特阿热勒村委会,654323102,解特阿热勒镇,654323,福海县,6543,阿勒泰地区
997,220,喀拉铁热斯肯村委会,654323102,解特阿热勒镇,654323,福海县,6543,阿勒泰地区
998,220,博塔莫因村委会,654323102,解特阿热勒镇,654323,福海县,6543,阿勒泰地区
999,220,萨尔胡木村委会,654323102,解特阿热勒镇,654323,福海县,6543,阿勒泰地区
1000,220,加勒帕克村委会,654323102,解特阿热勒镇,654323,福海县,6543,阿勒泰地区
1001,121,萨尔塔勒村委会,654323101,喀拉玛盖镇,654323,福海县,6543,阿勒泰地区
1002,220,阿克科热什村委会,654323101,喀拉玛盖镇,654323,福海县,6543,阿勒泰地区
1003,220,喀拉霍英村委会,654323101,喀拉玛盖镇,654323,福海县,6543,阿勒泰地区
1004,220,阿克阿热勒村委会,654323101,喀拉玛盖镇,654323,福海县,6543,阿勒泰地区
1005,220,喀尔乌提克勒村委会,654323101,喀拉玛盖镇,654323,福海县,6543,阿勒泰地区
1006,220,克孜勒乌英克村委会,654323101,喀拉玛盖镇,654323,福海县,6543,阿勒泰地区
1007,220,别斯铁热克村委会,654323101,喀拉玛盖镇,654323,福海县,6543,阿勒泰地区
1008,220,多尔布力金村委会,654323101,喀拉玛盖镇,654323,福海县,6543,阿勒泰地区
1009,220,萨尔库萨克村委会,654323101,喀拉玛盖镇,654323,福海县,6543,阿勒泰地区
1010,220,吉迭勒村委会,654323101,喀拉玛盖镇,654323,福海县,6543,阿勒泰地区
1011,220,唐巴勒村委会,654323101,喀拉玛盖镇,654323,福海县,6543,阿勒泰地区
1012,220,开勒铁开村委会,654323101,喀拉玛盖镇,654323,福海县,6543,阿勒泰地区
1013,220,窝依阔拉村委会,654323101,喀拉玛盖镇,654323,福海县,6543,阿勒泰地区
1014,220,萨尔库木村委会,654323101,喀拉玛盖镇,654323,福海县,6543,阿勒泰地区
1015,220,喀拉苏村委会,654323101,喀拉玛盖镇,654323,福海县,6543,阿勒泰地区
1016,220,迭恩村委会,654323101,喀拉玛盖镇,654323,福海县,6543,阿勒泰地区
1017,220,喀拉布依拉村,654323101,喀拉玛盖镇,654323,福海县,6543,阿勒泰地区
1018,122,人民路居委会,654323100,福海镇,654323,福海县,6543,阿勒泰地区
1019,121,永安路居委会,654323100,福海镇,654323,福海县,6543,阿勒泰地区
1020,121,济海路居委会,654323100,福海镇,654323,福海县,6543,阿勒泰地区
1021,122,建北路居委会,654323100,福海镇,654323,福海县,6543,阿勒泰地区
1022,122,环城路居委会,654323100,福海镇,654323,福海县,6543,阿勒泰地区
1023,220,赫勒居委会,654323100,福海镇,654323,福海县,6543,阿勒泰地区
1024,220,西城区社区,654323100,福海镇,654323,福海县,6543,阿勒泰地区
1025,220,东城区社区,654323100,福海镇,654323,福海县,6543,阿勒泰地区
1026,210,喀拉塔斯村委会,654322205,喀拉布勒根乡,654322,富蕴县,6543,阿勒泰地区
1027,220,喀拉苏村委会,654322205,喀拉布勒根乡,654322,富蕴县,6543,阿勒泰地区
1028,220,喀拉卓勒村委会,654322205,喀拉布勒根乡,654322,富蕴县,6543,阿勒泰地区
1029,220,阔克铁热克村委会,654322205,喀拉布勒根乡,654322,富蕴县,6543,阿勒泰地区
1030,220,巴拉尔茨村委会,654322205,喀拉布勒根乡,654322,富蕴县,6543,阿勒泰地区
1031,220,吉别特村委会,654322205,喀拉布勒根乡,654322,富蕴县,6543,阿勒泰地区
1032,220,加木克村委会,654322205,喀拉布勒根乡,654322,富蕴县,6543,阿勒泰地区
1033,220,哈拉恰海村委会,654322205,喀拉布勒根乡,654322,富蕴县,6543,阿勒泰地区
1034,220,霍斯阔拉村委会,654322205,喀拉布勒根乡,654322,富蕴县,6543,阿勒泰地区
1035,210,铁买克村委会,654322204,铁买克乡,654322,富蕴县,6543,阿勒泰地区
1036,220,哈拉萨木生村委会,654322204,铁买克乡,654322,富蕴县,6543,阿勒泰地区
1037,220,喀依尔特村委会,654322204,铁买克乡,654322,富蕴县,6543,阿勒泰地区
1038,112,都孜拜村委会,654322204,铁买克乡,654322,富蕴县,6543,阿勒泰地区
1039,220,萨尔铁热克村委会,654322204,铁买克乡,654322,富蕴县,6543,阿勒泰地区
1040,210,铁买克新村委会,654322204,铁买克乡,654322,富蕴县,6543,阿勒泰地区
1041,220,海子口村委会,654322204,铁买克乡,654322,富蕴县,6543,阿勒泰地区
1042,220,宏泰村委会,654322204,铁买克乡,654322,富蕴县,6543,阿勒泰地区
1043,210,萨尔托海村委会,654322203,克孜勒希力克乡,654322,富蕴县,6543,阿勒泰地区
1044,220,江喀拉村委会,654322203,克孜勒希力克乡,654322,富蕴县,6543,阿勒泰地区
1045,220,也格孜托别村委会,654322203,克孜勒希力克乡,654322,富蕴县,6543,阿勒泰地区
1046,220,阿克加尔村委会,654322203,克孜勒希力克乡,654322,富蕴县,6543,阿勒泰地区
1047,220,喀拉吉格特村委会,654322203,克孜勒希力克乡,654322,富蕴县,6543,阿勒泰地区
1048,220,阔协萨依村委会,654322203,克孜勒希力克乡,654322,富蕴县,6543,阿勒泰地区
1049,220,塔本别勒切尔村委会,654322202,库尔特乡,654322,富蕴县,6543,阿勒泰地区
1050,220,阿什勒村委会,654322202,库尔特乡,654322,富蕴县,6543,阿勒泰地区
1051,210,库尔特村委会,654322202,库尔特乡,654322,富蕴县,6543,阿勒泰地区
1052,220,喀拉巴喀依村委会,654322202,库尔特乡,654322,富蕴县,6543,阿勒泰地区
1053,220,苏普特村委会,654322202,库尔特乡,654322,富蕴县,6543,阿勒泰地区
1054,220,达拉阿吾孜村委会,654322202,库尔特乡,654322,富蕴县,6543,阿勒泰地区
1055,220,萨尔巴斯村委会,654322202,库尔特乡,654322,富蕴县,6543,阿勒泰地区
1056,220,温都尔哈拉村委会,654322202,库尔特乡,654322,富蕴县,6543,阿勒泰地区
1057,220,布拉特村委会,654322202,库尔特乡,654322,富蕴县,6543,阿勒泰地区
1058,220,朔克尔德村委会,654322202,库尔特乡,654322,富蕴县,6543,阿勒泰地区
1059,220,吉拉特村委会,654322202,库尔特乡,654322,富蕴县,6543,阿勒泰地区
1060,220,霍孜肯村委会,654322200,吐尔洪乡,654322,富蕴县,6543,阿勒泰地区
1061,220,达尔肯村委会,654322200,吐尔洪乡,654322,富蕴县,6543,阿勒泰地区
1062,220,吉格尔拜村委会,654322200,吐尔洪乡,654322,富蕴县,6543,阿勒泰地区
1063,220,喀拉奥依村委会,654322200,吐尔洪乡,654322,富蕴县,6543,阿勒泰地区
1064,220,塔斯托别村委会,654322200,吐尔洪乡,654322,富蕴县,6543,阿勒泰地区
1065,210,康阔勒特克村委会,654322200,吐尔洪乡,654322,富蕴县,6543,阿勒泰地区
1066,220,托普铁列克村委会,654322200,吐尔洪乡,654322,富蕴县,6543,阿勒泰地区
1067,210,吐尔洪村委会,654322200,吐尔洪乡,654322,富蕴县,6543,阿勒泰地区
1068,220,拜依格托别村委会,654322200,吐尔洪乡,654322,富蕴县,6543,阿勒泰地区
1069,220,阔克铁热克村委会,654322200,吐尔洪乡,654322,富蕴县,6543,阿勒泰地区
1070,220,克孜勒塔斯村委会,654322200,吐尔洪乡,654322,富蕴县,6543,阿勒泰地区
1071,220,喀拉吉拉村委会,654322200,吐尔洪乡,654322,富蕴县,6543,阿勒泰地区
1072,220,乌亚拜村委会,654322200,吐尔洪乡,654322,富蕴县,6543,阿勒泰地区
1073,220,阔斯阿热勒村委会,654322200,吐尔洪乡,654322,富蕴县,6543,阿勒泰地区
1074,220,阿克哈仁村委会,654322200,吐尔洪乡,654322,富蕴县,6543,阿勒泰地区
1075,220,阔克塔勒村委会,654322200,吐尔洪乡,654322,富蕴县,6543,阿勒泰地区
1076,220,托留拜克孜勒村委会,654322200,吐尔洪乡,654322,富蕴县,6543,阿勒泰地区
1077,121,雅丹社区居民委员会,654322104,杜热镇,654322,富蕴县,6543,阿勒泰地区
1078,220,恰布拉村委会,654322104,杜热镇,654322,富蕴县,6543,阿勒泰地区
1079,220,大坝村委会,654322104,杜热镇,654322,富蕴县,6543,阿勒泰地区
1080,220,乌亚勒铁热克村委会,654322104,杜热镇,654322,富蕴县,6543,阿勒泰地区
1081,121,杜热村委会,654322104,杜热镇,654322,富蕴县,6543,阿勒泰地区
1082,220,克孜勒加尔村委会,654322104,杜热镇,654322,富蕴县,6543,阿勒泰地区
1083,220,索依勒特村委会,654322104,杜热镇,654322,富蕴县,6543,阿勒泰地区
1084,220,玉什克日什村委会,654322104,杜热镇,654322,富蕴县,6543,阿勒泰地区
1085,220,胡吉尔特村委会,654322104,杜热镇,654322,富蕴县,6543,阿勒泰地区
1086,220,铁丝浦阿坎村委会,654322104,杜热镇,654322,富蕴县,6543,阿勒泰地区
1087,220,乌扎合特村委会,654322104,杜热镇,654322,富蕴县,6543,阿勒泰地区
1088,220,有色村委会,654322104,杜热镇,654322,富蕴县,6543,阿勒泰地区
1089,220,蒙库村委会,654322104,杜热镇,654322,富蕴县,6543,阿勒泰地区
1090,220,金宝村委会,654322104,杜热镇,654322,富蕴县,6543,阿勒泰地区
1091,220,窝依阔拉移民新村委会,654322104,杜热镇,654322,富蕴县,6543,阿勒泰地区
1092,220,阿合库木斯村委会,654322104,杜热镇,654322,富蕴县,6543,阿勒泰地区
1093,121,铜镍矿社区居委会,654322103,喀拉通克镇,654322,富蕴县,6543,阿勒泰地区
1094,220,塔斯巴斯陶村委会,654322103,喀拉通克镇,654322,富蕴县,6543,阿勒泰地区
1095,220,奥尔塔阿尔格勒泰村委会,654322103,喀拉通克镇,654322,富蕴县,6543,阿勒泰地区
1096,220,塔斯塔克村委会,654322103,喀拉通克镇,654322,富蕴县,6543,阿勒泰地区
1097,220,克孜勒库都克村委会,654322103,喀拉通克镇,654322,富蕴县,6543,阿勒泰地区
1098,220,白杨沟村委会,654322103,喀拉通克镇,654322,富蕴县,6543,阿勒泰地区
1099,220,喀拉通克村委会,654322103,喀拉通克镇,654322,富蕴县,6543,阿勒泰地区
1100,121,迎宾路居委会,654322102,恰库尔图镇,654322,富蕴县,6543,阿勒泰地区
1101,220,哈希翁村委会,654322102,恰库尔图镇,654322,富蕴县,6543,阿勒泰地区
1102,220,乔山拜村委会,654322102,恰库尔图镇,654322,富蕴县,6543,阿勒泰地区
1103,122,恰库尔图村委会,654322102,恰库尔图镇,654322,富蕴县,6543,阿勒泰地区
1104,121,团结路居委会,654322101,可可托海镇,654322,富蕴县,6543,阿勒泰地区
1105,121,文化东路居委会,654322101,可可托海镇,654322,富蕴县,6543,阿勒泰地区
1106,121,文化西路居委会,654322101,可可托海镇,654322,富蕴县,6543,阿勒泰地区
1107,220,塔拉特村委会,654322101,可可托海镇,654322,富蕴县,6543,阿勒泰地区
1108,121,赛尔江西路居委会,654322100,库额尔齐斯镇,654322,富蕴县,6543,阿勒泰地区
1109,121,文化西路居委会,654322100,库额尔齐斯镇,654322,富蕴县,6543,阿勒泰地区
1110,121,赛尔江东路居委会,654322100,库额尔齐斯镇,654322,富蕴县,6543,阿勒泰地区
1111,121,文化东路居委会,654322100,库额尔齐斯镇,654322,富蕴县,6543,阿勒泰地区
1112,121,幸福路居委会,654322100,库额尔齐斯镇,654322,富蕴县,6543,阿勒泰地区
